index,time(s),angle(rad)
0,0.0,0.0
1,0.05,0.455
2,0.1,0.899
3,0.15,1.318
4,0.2,1.702
5,0.25,2.04
6,0.3,2.325
7,0.35,2.547
8,0.4,2.702
9,0.45,2.785
10,0.5,2.795
11,0.55,2.73
12,0.6,2.594
13,0.65,2.389
14,0.7,2.121
15,0.75,1.797
16,0.8,1.426
17,0.85,1.017
18,0.9,0.582
19,0.95,0.132
20,1.0,-0.322
21,1.05,-0.767
22,1.1,-1.191
23,1.15,-1.585
24,1.2,-1.937
25,1.25,-2.237
26,1.3,-2.479
27,1.35,-2.657
28,1.4,-2.764
29,1.45,-2.8
30,1.501,-2.762
31,1.551,-2.653
32,1.601,-2.474
33,1.651,-2.231
34,1.701,-1.93
35,1.751,-1.579
36,1.801,-1.187
37,1.851,-0.764
38,1.901,-0.322
39,1.951,0.129
40,2.001,0.576
41,2.051,1.008
42,2.101,1.413
43,2.151,1.782
44,2.201,2.105
45,2.251,2.374
46,2.301,2.581
47,2.351,2.721
48,2.401,2.792
49,2.451,2.79
50,2.501,2.717
51,2.551,2.574
52,2.601,2.365
53,2.651,2.095
54,2.701,1.771
55,2.751,1.403
56,2.801,0.998
57,2.851,0.568
58,2.901,0.124
59,2.951,-0.323
60,3.001,-0.762
61,3.051,-1.181
62,3.101,-1.57
63,3.151,-1.919
64,3.201,-2.219
65,3.251,-2.462
66,3.301,-2.643
67,3.351,-2.756
68,3.401,-2.8
69,3.451,-2.772
70,3.501,-2.674
71,3.551,-2.508
72,3.601,-2.279
73,3.651,-1.992
74,3.701,-1.655
75,3.751,-1.277
76,3.801,-0.866
77,3.851,-0.434
78,3.901,0.01
79,3.951,0.452
80,4.001,0.884
81,4.051,1.293
82,4.101,1.669
83,4.151,2.003
84,4.201,2.287
85,4.251,2.513
86,4.301,2.676
87,4.351,2.773
88,4.402,2.8
89,4.452,2.756
90,4.502,2.644
91,4.552,2.466
92,4.602,2.227
93,4.652,1.932
94,4.702,1.589
95,4.752,1.207
96,4.802,0.794
97,4.852,0.363
98,4.902,-0.078
99,4.952,-0.517
100,5.002,-0.942
101,5.052,-1.344
102,5.102,-1.713
103,5.152,-2.039
104,5.202,-2.315
105,5.252,-2.533
106,5.302,-2.689
107,5.352,-2.778
108,5.402,-2.799
109,5.452,-2.75
110,5.502,-2.634
111,5.552,-2.454
112,5.602,-2.213
113,5.652,-1.918
114,5.702,-1.575
115,5.752,-1.195
116,5.802,-0.785
117,5.852,-0.356
118,5.902,0.081
119,5.952,0.517
120,6.002,0.939
121,6.052,1.339
122,6.102,1.705
123,6.152,2.03
124,6.202,2.306
125,6.252,2.525
126,6.302,2.682
127,6.352,2.775
128,6.402,2.799
129,6.452,2.756
130,6.502,2.646
131,6.552,2.472
132,6.602,2.238
133,6.652,1.95
134,6.702,1.615
135,6.752,1.242
136,6.802,0.838
137,6.852,0.414
138,6.902,-0.02
139,6.952,-0.453
140,7.002,-0.875
141,7.052,-1.276
142,7.102,-1.645
143,7.152,-1.976
144,7.202,-2.258
145,7.252,-2.487
146,7.303,-2.656
147,7.353,-2.761
148,7.403,-2.8
149,7.453,-2.772
150,7.503,-2.678
151,7.553,-2.519
152,7.603,-2.301
153,7.653,-2.028
154,7.703,-1.707
155,7.753,-1.345
156,7.803,-0.952
157,7.853,-0.536
158,7.903,-0.107
159,7.953,0.324
160,8.003,0.747
161,8.053,1.152
162,8.103,1.53
163,8.153,1.872
164,8.203,2.169
165,8.253,2.415
166,8.303,2.603
167,8.353,2.73
168,8.403,2.793
169,8.453,2.79
170,8.503,2.721
171,8.553,2.589
172,8.603,2.395
173,8.653,2.145
174,8.703,1.845
175,8.753,1.502
176,8.803,1.124
177,8.853,0.72
178,8.903,0.298
179,8.953,-0.129
180,9.003,-0.554
181,9.053,-0.966
182,9.103,-1.355
183,9.153,-1.712
184,9.203,-2.029
185,9.253,-2.299
186,9.303,-2.515
187,9.353,-2.673
188,9.403,-2.769
189,9.453,-2.8
190,9.503,-2.766
191,9.553,-2.669
192,9.603,-2.509
193,9.653,-2.292
194,9.703,-2.022
195,9.753,-1.705
196,9.803,-1.349
197,9.853,-0.962
198,9.903,-0.552
199,9.953,-0.131
200,10.003,0.294
201,10.053,0.711
202,10.103,1.112
203,10.153,1.488
204,10.203,1.829
205,10.254,2.128
206,10.304,2.378
207,10.354,2.574
208,10.404,2.711
209,10.454,2.785
210,10.504,2.797
211,10.554,2.744
212,10.604,2.629
213,10.654,2.454
214,10.704,2.223
215,10.754,1.942
216,10.804,1.616
217,10.854,1.254
218,10.904,0.864
219,10.954,0.454
220,11.004,0.034
221,11.054,-0.386
222,11.104,-0.797
223,11.154,-1.191
224,11.204,-1.557
225,11.254,-1.888
226,11.304,-2.177
227,11.354,-2.416
228,11.404,-2.6
229,11.454,-2.726
230,11.504,-2.791
231,11.554,-2.793
232,11.604,-2.732
233,11.654,-2.61
234,11.704,-2.43
235,11.754,-2.195
236,11.804,-1.911
237,11.854,-1.585
238,11.904,-1.223
239,11.954,-0.834
240,12.004,-0.427
241,12.054,-0.01
242,12.104,0.407
243,12.154,0.815
244,12.204,1.204
245,12.254,1.566
246,12.304,1.894
247,12.354,2.179
248,12.404,2.416
249,12.454,2.599
250,12.504,2.725
251,12.554,2.79
252,12.604,2.794
253,12.654,2.736
254,12.704,2.617
255,12.754,2.441
256,12.804,2.212
257,12.854,1.933
258,12.904,1.612
259,12.954,1.256
260,13.004,0.872
261,13.054,0.47
262,13.104,0.057
263,13.155,-0.357
264,13.205,-0.763
265,13.255,-1.152
266,13.305,-1.515
267,13.355,-1.846
268,13.405,-2.136
269,13.455,-2.379
270,13.505,-2.571
271,13.555,-2.706
272,13.605,-2.782
273,13.655,-2.798
274,13.705,-2.753
275,13.755,-2.649
276,13.805,-2.487
277,13.855,-2.271
278,13.905,-2.006
279,13.955,-1.697
280,14.005,-1.352
281,14.055,-0.978
282,14.105,-0.583
283,14.155,-0.176
284,14.205,0.235
285,14.255,0.641
286,14.305,1.033
287,14.355,1.402
288,14.405,1.741
289,14.455,2.043
290,14.505,2.301
291,14.555,2.509
292,14.605,2.664
293,14.655,2.761
294,14.705,2.799
295,14.755,2.778
296,14.805,2.697
297,14.855,2.559
298,14.905,2.366
299,14.955,2.123
300,15.005,1.835
301,15.055,1.507
302,15.105,1.148
303,15.155,0.765
304,15.205,0.366
305,15.255,-0.041
306,15.305,-0.447
307,15.355,-0.843
308,15.405,-1.222
309,15.455,-1.574
310,15.505,-1.893
311,15.555,-2.172
312,15.605,-2.405
313,15.655,-2.587
314,15.705,-2.715
315,15.755,-2.785
316,15.805,-2.797
317,15.855,-2.751
318,15.905,-2.646
319,15.955,-2.486
320,16.005,-2.275
321,16.055,-2.015
322,16.106,-1.714
323,16.156,-1.377
324,16.206,-1.011
325,16.256,-0.624
326,16.306,-0.225
327,16.356,0.18
328,16.406,0.58
329,16.456,0.968
330,16.506,1.335
331,16.556,1.675
332,16.606,1.98
333,16.656,2.244
334,16.706,2.461
335,16.756,2.627
336,16.806,2.739
337,16.856,2.794
338,16.906,2.791
339,16.956,2.731
340,17.006,2.615
341,17.056,2.445
342,17.106,2.224
343,17.156,1.958
344,17.206,1.652
345,17.256,1.312
346,17.306,0.945
347,17.356,0.559
348,17.406,0.161
349,17.456,-0.239
350,17.506,-0.634
351,17.556,-1.017
352,17.606,-1.378
353,17.656,-1.711
354,17.706,-2.009
355,17.756,-2.266
356,17.806,-2.477
357,17.856,-2.638
358,17.906,-2.744
359,17.956,-2.795
360,18.006,-2.79
361,18.056,-2.728
362,18.106,-2.61
363,18.156,-2.44
364,18.206,-2.22
365,18.256,-1.956
366,18.306,-1.653
367,18.356,-1.316
368,18.406,-0.953
369,18.456,-0.57
370,18.506,-0.177
371,18.556,0.22
372,18.606,0.612
373,18.656,0.992
374,18.706,1.352
375,18.756,1.685
376,18.806,1.983
377,18.856,2.242
378,18.906,2.456
379,18.956,2.621
380,19.007,2.734
381,19.057,2.792
382,19.107,2.794
383,19.157,2.741
384,19.207,2.633
385,19.257,2.473
386,19.307,2.264
387,19.357,2.01
388,19.407,1.717
389,19.457,1.389
390,19.507,1.034
391,19.557,0.659
392,19.607,0.271
393,19.657,-0.122
394,19.707,-0.513
395,19.757,-0.893
396,19.807,-1.256
397,19.857,-1.594
398,19.907,-1.9
399,19.957,-2.169
400,20.007,-2.395
401,20.057,-2.574
402,20.107,-2.703
403,20.157,-2.778
404,20.207,-2.8
405,20.257,-2.766
406,20.307,-2.679
407,20.357,-2.539
408,20.407,-2.35
409,20.457,-2.115
410,20.507,-1.839
411,20.557,-1.528
412,20.607,-1.187
413,20.657,-0.822
414,20.707,-0.443
415,20.757,-0.054
416,20.807,0.335
417,20.857,0.717
418,20.907,1.086
419,20.957,1.433
420,21.007,1.753
421,21.057,2.038
422,21.107,2.284
423,21.157,2.486
424,21.207,2.641
425,21.257,2.744
426,21.307,2.795
427,21.357,2.792
428,21.407,2.735
429,21.457,2.626
430,21.507,2.467
431,21.557,2.261
432,21.607,2.011
433,21.657,1.724
434,21.707,1.403
435,21.757,1.056
436,21.807,0.689
437,21.857,0.309
438,21.908,-0.076
439,21.958,-0.461
440,22.008,-0.836
441,22.058,-1.195
442,22.108,-1.531
443,22.158,-1.839
444,22.208,-2.111
445,22.258,-2.343
446,22.308,-2.531
447,22.358,-2.671
448,22.408,-2.761
449,22.458,-2.799
450,22.508,-2.784
451,22.558,-2.716
452,22.608,-2.598
453,22.658,-2.431
454,22.708,-2.218
455,22.758,-1.964
456,22.808,-1.673
457,22.858,-1.351
458,22.908,-1.004
459,22.958,-0.639
460,23.008,-0.261
461,23.058,0.121
462,23.108,0.501
463,23.158,0.871
464,23.208,1.225
465,23.258,1.556
466,23.308,1.858
467,23.358,2.125
468,23.408,2.353
469,23.458,2.538
470,23.508,2.675
471,23.558,2.762
472,23.608,2.799
473,23.658,2.784
474,23.708,2.717
475,23.758,2.601
476,23.808,2.437
477,23.858,2.227
478,23.908,1.978
479,23.958,1.691
480,24.008,1.374
481,24.058,1.032
482,24.108,0.671
483,24.158,0.298
484,24.208,-0.08
485,24.258,-0.456
486,24.308,-0.825
487,24.358,-1.178
488,24.408,-1.509
489,24.458,-1.813
490,24.508,-2.083
491,24.558,-2.316
492,24.608,-2.507
493,24.658,-2.652
494,24.708,-2.748
495,24.758,-2.795
496,24.808,-2.792
497,24.859,-2.738
498,24.909,-2.634
499,24.959,-2.483
500,25.009,-2.287
501,25.059,-2.051
502,25.109,-1.777
503,25.159,-1.471
504,25.209,-1.139
505,25.259,-0.787
506,25.309,-0.421
507,25.359,-0.048
508,25.409,0.327
509,25.459,0.695
510,25.509,1.05
511,25.559,1.387
512,25.609,1.699
513,25.659,1.98
514,25.709,2.226
515,25.759,2.432
516,25.809,2.595
517,25.859,2.712
518,25.909,2.781
519,25.959,2.8
520,26.009,2.769
521,26.059,2.69
522,26.109,2.563
523,26.159,2.39
524,26.209,2.176
525,26.259,1.923
526,26.309,1.636
527,26.359,1.321
528,26.409,0.983
529,26.459,0.627
530,26.509,0.261
531,26.559,-0.11
532,26.609,-0.479
533,26.659,-0.839
534,26.709,-1.184
535,26.759,-1.509
536,26.809,-1.807
537,26.859,-2.073
538,26.909,-2.303
539,26.959,-2.493
540,27.009,-2.639
541,27.059,-2.739
542,27.109,-2.792
543,27.159,-2.796
544,27.209,-2.751
545,27.259,-2.659
546,27.309,-2.521
547,27.359,-2.339
548,27.409,-2.117
549,27.459,-1.859
550,27.509,-1.568
551,27.559,-1.251
552,27.609,-0.912
553,27.659,-0.557
554,27.709,-0.193
555,27.76,0.174
556,27.81,0.538
557,27.86,0.892
558,27.91,1.231
559,27.96,1.549
560,28.01,1.84
561,28.06,2.1
562,28.11,2.323
563,28.16,2.507
564,28.21,2.648
565,28.26,2.744
566,28.31,2.793
567,28.36,2.795
568,28.41,2.749
569,28.46,2.656
570,28.51,2.519
571,28.56,2.339
572,28.61,2.119
573,28.66,1.863
574,28.71,1.577
575,28.76,1.263
576,28.81,0.929
577,28.86,0.579
578,28.91,0.219
579,28.96,-0.144
580,29.01,-0.504
581,29.06,-0.856
582,29.11,-1.194
583,29.16,-1.511
584,29.21,-1.803
585,29.26,-2.064
586,29.31,-2.291
587,29.36,-2.479
588,29.41,-2.626
589,29.46,-2.73
590,29.51,-2.787
591,29.56,-2.798
592,29.61,-2.763
593,29.66,-2.682
594,29.71,-2.556
595,29.76,-2.388
596,29.81,-2.181
597,29.86,-1.937
598,29.91,-1.662
599,29.96,-1.359
600,30.01,-1.034
601,30.06,-0.692
602,30.11,-0.338
603,30.16,0.02
604,30.21,0.378
605,30.26,0.73
606,30.31,1.07
607,30.36,1.392
608,30.41,1.691
609,30.46,1.962
610,30.51,2.201
611,30.56,2.404
612,30.61,2.567
613,30.661,2.689
614,30.711,2.766
615,30.761,2.799
616,30.811,2.786
617,30.861,2.728
618,30.911,2.625
619,30.961,2.48
620,31.011,2.295
621,31.061,2.072
622,31.111,1.817
623,31.161,1.532
624,31.211,1.222
625,31.261,0.893
626,31.311,0.549
627,31.361,0.197
628,31.411,-0.158
629,31.461,-0.511
630,31.511,-0.855
631,31.561,-1.185
632,31.611,-1.496
633,31.661,-1.783
634,31.711,-2.041
635,31.761,-2.267
636,31.811,-2.456
637,31.861,-2.606
638,31.911,-2.714
639,31.961,-2.779
640,32.011,-2.8
641,32.061,-2.776
642,32.111,-2.708
643,32.161,-2.597
644,32.211,-2.445
645,32.261,-2.255
646,32.311,-2.028
647,32.361,-1.77
648,32.411,-1.484
649,32.461,-1.174
650,32.511,-0.847
651,32.561,-0.506
652,32.611,-0.157
653,32.661,0.194
654,32.711,0.542
655,32.761,0.881
656,32.811,1.207
657,32.861,1.513
658,32.911,1.795
659,32.961,2.049
660,33.011,2.271
661,33.061,2.458
662,33.111,2.606
663,33.161,2.713
664,33.211,2.778
665,33.261,2.8
666,33.311,2.778
667,33.361,2.713
668,33.411,2.607
669,33.461,2.459
670,33.511,2.274
671,33.561,2.054
672,33.612,1.802
673,33.662,1.522
674,33.712,1.219
675,33.762,0.897
676,33.812,0.562
677,33.862,0.218
678,33.912,-0.129
679,33.962,-0.474
680,34.012,-0.811
681,34.062,-1.136
682,34.112,-1.443
683,34.162,-1.729
684,34.212,-1.987
685,34.262,-2.215
686,34.312,-2.409
687,34.362,-2.567
688,34.412,-2.685
689,34.462,-2.762
690,34.512,-2.798
691,34.562,-2.791
692,34.612,-2.741
693,34.662,-2.65
694,34.712,-2.519
695,34.762,-2.35
696,34.812,-2.145
697,34.862,-1.909
698,34.912,-1.643
699,34.962,-1.353
700,35.012,-1.043
701,35.062,-0.717
702,35.112,-0.38
703,35.162,-0.038
704,35.212,0.304
705,35.262,0.642
706,35.312,0.97
707,35.362,1.283
708,35.412,1.577
709,35.462,1.847
710,35.512,2.09
711,35.562,2.302
712,35.612,2.479
713,35.662,2.619
714,35.712,2.72
715,35.762,2.781
716,35.812,2.8
717,35.862,2.778
718,35.912,2.715
719,35.962,2.612
720,36.012,2.47
721,36.062,2.292
722,36.112,2.08
723,36.162,1.838
724,36.212,1.568
725,36.262,1.276
726,36.312,0.965
727,36.362,0.641
728,36.412,0.307
729,36.462,-0.032
730,36.513,-0.369
731,36.563,-0.702
732,36.613,-1.023
733,36.663,-1.33
734,36.713,-1.617
735,36.763,-1.881
736,36.813,-2.117
737,36.863,-2.322
738,36.913,-2.493
739,36.963,-2.628
740,37.013,-2.725
741,37.063,-2.783
742,37.113,-2.8
743,37.163,-2.777
744,37.213,-2.713
745,37.263,-2.611
746,37.313,-2.471
747,37.363,-2.295
748,37.413,-2.087
749,37.463,-1.849
750,37.513,-1.584
751,37.563,-1.297
752,37.613,-0.991
753,37.663,-0.671
754,37.713,-0.342
755,37.763,-0.008
756,37.813,0.326
757,37.863,0.655
758,37.913,0.974
759,37.963,1.28
760,38.013,1.567
761,38.063,1.832
762,38.113,2.071
763,38.163,2.28
764,38.213,2.457
765,38.263,2.599
766,38.313,2.704
767,38.363,2.771
768,38.413,2.799
769,38.463,2.788
770,38.513,2.737
771,38.563,2.648
772,38.613,2.522
773,38.663,2.36
774,38.713,2.165
775,38.763,1.94
776,38.813,1.689
777,38.863,1.413
778,38.913,1.118
779,38.963,0.808
780,39.013,0.486
781,39.063,0.158
782,39.113,-0.172
783,39.163,-0.5
784,39.213,-0.82
785,39.263,-1.129
786,39.313,-1.422
787,39.363,-1.696
788,39.413,-1.945
789,39.464,-2.168
790,39.514,-2.361
791,39.564,-2.521
792,39.614,-2.646
793,39.664,-2.735
794,39.714,-2.787
795,39.764,-2.799
796,39.814,-2.774
797,39.864,-2.711
798,39.914,-2.61
799,39.964,-2.474
800,40.014,-2.304
801,40.064,-2.103
802,40.114,-1.873
803,40.164,-1.618
804,40.214,-1.34
805,40.264,-1.045
806,40.314,-0.736
807,40.364,-0.417
808,40.414,-0.092
809,40.464,0.233
810,40.514,0.556
811,40.564,0.87
812,40.614,1.173
813,40.664,1.46
814,40.714,1.727
815,40.764,1.971
816,40.814,2.188
817,40.864,2.375
818,40.914,2.531
819,40.964,2.652
820,41.014,2.738
821,41.064,2.787
822,41.114,2.799
823,41.164,2.774
824,41.214,2.712
825,41.264,2.613
826,41.314,2.48
827,41.364,2.314
828,41.414,2.117
829,41.464,1.892
830,41.514,1.643
831,41.564,1.371
832,41.614,1.082
833,41.664,0.778
834,41.714,0.465
835,41.764,0.145
836,41.814,-0.176
837,41.864,-0.495
838,41.914,-0.808
839,41.964,-1.109
840,42.014,-1.396
841,42.064,-1.664
842,42.114,-1.91
843,42.164,-2.132
844,42.214,-2.325
845,42.264,-2.488
846,42.314,-2.618
847,42.365,-2.714
848,42.415,-2.775
849,42.465,-2.799
850,42.515,-2.788
851,42.565,-2.74
852,42.615,-2.656
853,42.665,-2.538
854,42.715,-2.388
855,42.765,-2.206
856,42.815,-1.997
857,42.865,-1.761
858,42.915,-1.503
859,42.965,-1.226
860,43.015,-0.933
861,43.065,-0.628
862,43.115,-0.316
863,43.165,0.001
864,43.215,0.317
865,43.265,0.629
866,43.315,0.933
867,43.365,1.225
868,43.415,1.501
869,43.465,1.758
870,43.515,1.992
871,43.565,2.201
872,43.615,2.382
873,43.665,2.532
874,43.715,2.65
875,43.765,2.735
876,43.815,2.785
877,43.865,2.8
878,43.915,2.779
879,43.965,2.724
880,44.015,2.634
881,44.065,2.511
882,44.115,2.356
883,44.165,2.172
884,44.215,1.961
885,44.265,1.725
886,44.315,1.468
887,44.365,1.193
888,44.415,0.903
889,44.465,0.602
890,44.515,0.293
891,44.565,-0.019
892,44.615,-0.331
893,44.665,-0.638
894,44.715,-0.937
895,44.765,-1.225
896,44.815,-1.497
897,44.865,-1.751
898,44.915,-1.982
899,44.965,-2.19
900,45.015,-2.37
901,45.065,-2.52
902,45.115,-2.64
903,45.165,-2.727
904,45.215,-2.781
905,45.266,-2.8
906,45.316,-2.785
907,45.366,-2.736
908,45.416,-2.653
909,45.466,-2.538
910,45.516,-2.393
911,45.566,-2.218
912,45.616,-2.016
913,45.666,-1.789
914,45.716,-1.541
915,45.766,-1.275
916,45.816,-0.993
917,45.866,-0.699
918,45.916,-0.397
919,45.966,-0.09
920,46.016,0.217
921,46.066,0.522
922,46.116,0.821
923,46.166,1.109
924,46.216,1.384
925,46.266,1.642
926,46.316,1.88
927,46.366,2.096
928,46.416,2.286
929,46.466,2.449
930,46.516,2.583
931,46.566,2.685
932,46.616,2.756
933,46.666,2.793
934,46.716,2.798
935,46.766,2.769
936,46.816,2.707
937,46.866,2.613
938,46.916,2.488
939,46.966,2.334
940,47.016,2.153
941,47.066,1.945
942,47.116,1.716
943,47.166,1.466
944,47.216,1.198
945,47.266,0.917
946,47.316,0.626
947,47.366,0.327
948,47.416,0.024
949,47.466,-0.279
950,47.516,-0.578
951,47.566,-0.87
952,47.616,-1.152
953,47.666,-1.421
954,47.716,-1.673
955,47.766,-1.905
956,47.816,-2.115
957,47.866,-2.3
958,47.916,-2.458
959,47.966,-2.588
960,48.016,-2.688
961,48.066,-2.757
962,48.116,-2.793
963,48.166,-2.798
964,48.217,-2.77
965,48.267,-2.711
966,48.317,-2.62
967,48.367,-2.499
968,48.417,-2.35
969,48.467,-2.173
970,48.517,-1.972
971,48.567,-1.749
972,48.617,-1.505
973,48.667,-1.245
974,48.717,-0.97
975,48.767,-0.685
976,48.817,-0.392
977,48.867,-0.095
978,48.917,0.204
979,48.967,0.499
980,49.017,0.789
981,49.067,1.07
982,49.117,1.339
983,49.167,1.592
984,49.217,1.827
985,49.267,2.042
986,49.317,2.233
987,49.367,2.4
988,49.417,2.539
989,49.467,2.649
990,49.517,2.73
991,49.567,2.781
992,49.617,2.8
993,49.667,2.788
994,49.717,2.744
995,49.767,2.671
996,49.817,2.567
997,49.867,2.435
998,49.917,2.276
999,49.967,2.092
1000,50.017,1.885
1001,50.067,1.657
1002,50.117,1.411
1003,50.167,1.149
1004,50.217,0.875
1005,50.267,0.592
1006,50.317,0.302
1007,50.367,0.009
1008,50.417,-0.285
1009,50.467,-0.574
1010,50.517,-0.858
1011,50.567,-1.131
1012,50.617,-1.393
1013,50.667,-1.639
1014,50.717,-1.867
1015,50.767,-2.074
1016,50.817,-2.259
1017,50.867,-2.419
1018,50.917,-2.552
1019,50.967,-2.658
1020,51.017,-2.735
1021,51.067,-2.783
1022,51.118,-2.8
1023,51.168,-2.787
1024,51.218,-2.744
1025,51.268,-2.671
1026,51.318,-2.57
1027,51.368,-2.441
1028,51.418,-2.286
1029,51.468,-2.106
1030,51.518,-1.904
1031,51.568,-1.682
1032,51.618,-1.442
1033,51.668,-1.186
1034,51.718,-0.918
1035,51.768,-0.641
1036,51.818,-0.357
1037,51.868,-0.069
1038,51.918,0.22
1039,51.968,0.506
1040,52.018,0.786
1041,52.068,1.058
1042,52.118,1.319
1043,52.168,1.565
1044,52.218,1.795
1045,52.268,2.006
1046,52.318,2.195
1047,52.368,2.362
1048,52.418,2.503
1049,52.468,2.619
1050,52.518,2.706
1051,52.568,2.765
1052,52.618,2.796
1053,52.668,2.797
1054,52.718,2.769
1055,52.768,2.712
1056,52.818,2.627
1057,52.868,2.514
1058,52.918,2.376
1059,52.968,2.213
1060,53.018,2.027
1061,53.068,1.82
1062,53.118,1.595
1063,53.168,1.353
1064,53.218,1.098
1065,53.268,0.831
1066,53.318,0.556
1067,53.368,0.275
1068,53.418,-0.008
1069,53.468,-0.291
1070,53.518,-0.571
1071,53.568,-0.845
1072,53.618,-1.11
1073,53.668,-1.364
1074,53.718,-1.604
1075,53.768,-1.827
1076,53.818,-2.031
1077,53.868,-2.215
1078,53.918,-2.376
1079,53.968,-2.513
1080,54.018,-2.624
1081,54.069,-2.709
1082,54.119,-2.766
1083,54.169,-2.796
1084,54.219,-2.797
1085,54.269,-2.77
1086,54.319,-2.715
1087,54.369,-2.633
1088,54.419,-2.525
1089,54.469,-2.391
1090,54.519,-2.234
1091,54.569,-2.054
1092,54.619,-1.854
1093,54.669,-1.635
1094,54.719,-1.4
1095,54.769,-1.152
1096,54.819,-0.892
1097,54.869,-0.624
1098,54.919,-0.349
1099,54.969,-0.071
1100,55.019,0.207
1101,55.069,0.483
1102,55.119,0.755
1103,55.169,1.018
1104,55.219,1.272
1105,55.269,1.513
1106,55.319,1.738
1107,55.369,1.947
1108,55.419,2.136
1109,55.469,2.305
1110,55.519,2.451
1111,55.569,2.572
1112,55.619,2.669
1113,55.669,2.739
1114,55.719,2.783
1115,55.769,2.8
1116,55.819,2.789
1117,55.869,2.752
1118,55.919,2.688
1119,55.969,2.598
1120,56.019,2.482
1121,56.069,2.343
1122,56.119,2.182
1123,56.169,1.999
1124,56.219,1.798
1125,56.269,1.579
1126,56.319,1.345
1127,56.369,1.098
1128,56.419,0.841
1129,56.469,0.577
1130,56.519,0.306
1131,56.569,0.034
1132,56.619,-0.24
1133,56.669,-0.51
1134,56.719,-0.776
1135,56.769,-1.034
1136,56.819,-1.282
1137,56.869,-1.518
1138,56.919,-1.739
1139,56.97,-1.944
1140,57.02,-2.13
1141,57.07,-2.297
1142,57.12,-2.441
1143,57.17,-2.562
1144,57.22,-2.66
1145,57.27,-2.732
1146,57.32,-2.778
1147,57.37,-2.799
1148,57.42,-2.793
1149,57.47,-2.762
1150,57.52,-2.704
1151,57.57,-2.622
1152,57.62,-2.515
1153,57.67,-2.384
1154,57.72,-2.232
1155,57.77,-2.059
1156,57.82,-1.867
1157,57.87,-1.659
1158,57.92,-1.434
1159,57.97,-1.197
1160,58.02,-0.949
1161,58.07,-0.692
1162,58.12,-0.429
1163,58.17,-0.162
1164,58.22,0.106
1165,58.27,0.372
1166,58.32,0.636
1167,58.37,0.893
1168,58.42,1.142
1169,58.47,1.381
1170,58.52,1.607
1171,58.57,1.818
1172,58.62,2.012
1173,58.67,2.188
1174,58.72,2.344
1175,58.77,2.479
1176,58.82,2.592
1177,58.87,2.68
1178,58.92,2.745
1179,58.97,2.785
1180,59.02,2.8
1181,59.07,2.79
1182,59.12,2.754
1183,59.17,2.694
1184,59.22,2.61
1185,59.27,2.503
1186,59.32,2.373
1187,59.37,2.223
1188,59.42,2.052
1189,59.47,1.864
1190,59.52,1.659
1191,59.57,1.439
1192,59.62,1.207
1193,59.67,0.965
1194,59.72,0.713
1195,59.77,0.456
1196,59.82,0.195
1197,59.871,-0.067
1198,59.921,-0.329
1199,59.971,-0.588
1200,60.021,-0.842
1201,60.071,-1.088
1202,60.121,-1.324
1203,60.171,-1.549
1204,60.221,-1.759
1205,60.271,-1.955
1206,60.321,-2.133
1207,60.371,-2.293
1208,60.421,-2.433
1209,60.471,-2.551
1210,60.521,-2.647
1211,60.571,-2.721
1212,60.621,-2.77
1213,60.671,-2.796
1214,60.721,-2.798
1215,60.771,-2.775
1216,60.821,-2.729
1217,60.871,-2.659
1218,60.921,-2.567
1219,60.971,-2.453
1220,61.021,-2.317
1221,61.071,-2.162
1222,61.121,-1.989
1223,61.171,-1.799
1224,61.221,-1.593
1225,61.271,-1.374
1226,61.321,-1.144
1227,61.371,-0.904
1228,61.421,-0.657
1229,61.471,-0.404
1230,61.521,-0.148
1231,61.571,0.109
1232,61.621,0.365
1233,61.671,0.618
1234,61.721,0.866
1235,61.771,1.106
1236,61.821,1.336
1237,61.871,1.556
1238,61.921,1.762
1239,61.971,1.953
1240,62.021,2.128
1241,62.071,2.285
1242,62.121,2.423
1243,62.171,2.541
1244,62.221,2.637
1245,62.271,2.712
1246,62.321,2.764
1247,62.371,2.793
1248,62.421,2.799
1249,62.471,2.782
1250,62.521,2.743
1251,62.571,2.68
1252,62.621,2.596
1253,62.671,2.49
1254,62.721,2.364
1255,62.771,2.219
1256,62.822,2.056
1257,62.872,1.876
1258,62.922,1.681
1259,62.972,1.472
1260,63.022,1.251
1261,63.072,1.021
1262,63.122,0.782
1263,63.172,0.537
1264,63.222,0.288
1265,63.272,0.037
1266,63.322,-0.214
1267,63.372,-0.464
1268,63.422,-0.709
1269,63.472,-0.949
1270,63.522,-1.181
1271,63.572,-1.403
1272,63.622,-1.614
1273,63.672,-1.812
1274,63.722,-1.995
1275,63.772,-2.163
1276,63.822,-2.313
1277,63.872,-2.444
1278,63.922,-2.556
1279,63.972,-2.648
1280,64.022,-2.718
1281,64.072,-2.767
1282,64.122,-2.794
1283,64.172,-2.799
1284,64.222,-2.782
1285,64.272,-2.743
1286,64.322,-2.683
1287,64.372,-2.601
1288,64.422,-2.499
1289,64.472,-2.378
1290,64.522,-2.238
1291,64.572,-2.081
1292,64.622,-1.907
1293,64.672,-1.719
1294,64.722,-1.518
1295,64.772,-1.305
1296,64.822,-1.082
1297,64.872,-0.85
1298,64.922,-0.613
1299,64.972,-0.37
1300,65.022,-0.125
1301,65.072,0.12
1302,65.122,0.365
1303,65.172,0.607
1304,65.222,0.844
1305,65.272,1.074
1306,65.322,1.296
1307,65.372,1.508
1308,65.422,1.708
1309,65.472,1.895
1310,65.522,2.067
1311,65.572,2.224
1312,65.622,2.364
1313,65.672,2.485
1314,65.723,2.588
1315,65.773,2.671
1316,65.823,2.734
1317,65.873,2.776
1318,65.923,2.797
1319,65.973,2.797
1320,66.023,2.777
1321,66.073,2.735
1322,66.123,2.673
1323,66.173,2.59
1324,66.223,2.489
1325,66.273,2.369
1326,66.323,2.231
1327,66.373,2.077
1328,66.423,1.908
1329,66.473,1.724
1330,66.523,1.528
1331,66.573,1.321
1332,66.623,1.104
1333,66.673,0.879
1334,66.723,0.648
1335,66.773,0.412
1336,66.823,0.173
1337,66.873,-0.067
1338,66.923,-0.306
1339,66.973,-0.543
1340,67.023,-0.776
1341,67.073,-1.002
1342,67.123,-1.222
1343,67.173,-1.432
1344,67.223,-1.632
1345,67.273,-1.82
1346,67.323,-1.994
1347,67.373,-2.154
1348,67.423,-2.298
1349,67.473,-2.426
1350,67.523,-2.536
1351,67.573,-2.627
1352,67.623,-2.7
1353,67.673,-2.753
1354,67.723,-2.786
1355,67.773,-2.8
1356,67.823,-2.793
1357,67.873,-2.766
1358,67.923,-2.72
1359,67.973,-2.654
1360,68.023,-2.57
1361,68.073,-2.467
1362,68.123,-2.346
1363,68.173,-2.21
1364,68.223,-2.057
1365,68.273,-1.891
1366,68.323,-1.711
1367,68.373,-1.519
1368,68.423,-1.316
1369,68.473,-1.104
1370,68.523,-0.885
1371,68.573,-0.66
1372,68.624,-0.43
1373,68.674,-0.198
1374,68.724,0.036
1375,68.774,0.27
1376,68.824,0.501
1377,68.874,0.729
1378,68.924,0.951
1379,68.974,1.167
1380,69.024,1.375
1381,69.074,1.572
1382,69.124,1.759
1383,69.174,1.934
1384,69.224,2.095
1385,69.274,2.242
1386,69.324,2.373
1387,69.374,2.488
1388,69.424,2.585
1389,69.474,2.665
1390,69.524,2.727
1391,69.574,2.77
1392,69.624,2.794
1393,69.674,2.8
1394,69.724,2.786
1395,69.774,2.753
1396,69.824,2.702
1397,69.874,2.632
1398,69.924,2.545
1399,69.974,2.44
1400,70.024,2.32
1401,70.074,2.183
1402,70.124,2.033
1403,70.174,1.868
1404,70.224,1.692
1405,70.274,1.504
1406,70.324,1.306
1407,70.374,1.1
1408,70.424,0.886
1409,70.474,0.667
1410,70.524,0.443
1411,70.574,0.217
1412,70.624,-0.011
1413,70.674,-0.238
1414,70.724,-0.464
1415,70.774,-0.686
1416,70.824,-0.904
1417,70.874,-1.115
1418,70.924,-1.32
1419,70.974,-1.515
1420,71.024,-1.7
1421,71.074,-1.874
1422,71.124,-2.036
1423,71.174,-2.184
1424,71.224,-2.318
1425,71.274,-2.437
1426,71.324,-2.54
1427,71.374,-2.627
1428,71.424,-2.696
1429,71.474,-2.748
1430,71.524,-2.782
1431,71.575,-2.799
1432,71.625,-2.797
1433,71.675,-2.777
1434,71.725,-2.74
1435,71.775,-2.685
1436,71.825,-2.612
1437,71.875,-2.524
1438,71.925,-2.419
1439,71.975,-2.299
1440,72.025,-2.164
1441,72.075,-2.016
1442,72.125,-1.855
1443,72.175,-1.682
1444,72.225,-1.499
1445,72.275,-1.307
1446,72.325,-1.106
1447,72.375,-0.899
1448,72.425,-0.686
1449,72.475,-0.469
1450,72.525,-0.25
1451,72.575,-0.029
1452,72.625,0.193
1453,72.675,0.412
1454,72.725,0.629
1455,72.775,0.842
1456,72.825,1.05
1457,72.875,1.251
1458,72.925,1.444
1459,72.975,1.628
1460,73.025,1.802
1461,73.075,1.964
1462,73.125,2.115
1463,73.175,2.252
1464,73.225,2.375
1465,73.275,2.484
1466,73.325,2.577
1467,73.375,2.655
1468,73.425,2.716
1469,73.475,2.761
1470,73.525,2.789
1471,73.575,2.8
1472,73.625,2.794
1473,73.675,2.771
1474,73.725,2.731
1475,73.775,2.675
1476,73.825,2.603
1477,73.875,2.515
1478,73.925,2.412
1479,73.975,2.295
1480,74.025,2.164
1481,74.075,2.02
1482,74.125,1.865
1483,74.175,1.698
1484,74.225,1.521
1485,74.275,1.336
1486,74.325,1.142
1487,74.375,0.942
1488,74.425,0.737
1489,74.476,0.527
1490,74.526,0.315
1491,74.576,0.1
1492,74.626,-0.114
1493,74.676,-0.328
1494,74.726,-0.54
1495,74.776,-0.749
1496,74.826,-0.952
1497,74.876,-1.151
1498,74.926,-1.342
1499,74.976,-1.525
1500,75.026,-1.7
1501,75.076,-1.864
1502,75.126,-2.018
1503,75.176,-2.159
1504,75.226,-2.289
1505,75.276,-2.404
1506,75.326,-2.506
1507,75.376,-2.594
1508,75.426,-2.666
1509,75.476,-2.723
1510,75.526,-2.765
1511,75.576,-2.79
1512,75.626,-2.8
1513,75.676,-2.794
1514,75.726,-2.771
1515,75.776,-2.734
1516,75.826,-2.68
1517,75.876,-2.612
1518,75.926,-2.528
1519,75.976,-2.431
1520,76.026,-2.32
1521,76.076,-2.196
1522,76.126,-2.06
1523,76.176,-1.912
1524,76.226,-1.754
1525,76.276,-1.586
1526,76.326,-1.409
1527,76.376,-1.225
1528,76.426,-1.033
1529,76.476,-0.837
1530,76.526,-0.636
1531,76.576,-0.431
1532,76.626,-0.224
1533,76.676,-0.016
1534,76.726,0.191
1535,76.776,0.398
1536,76.826,0.602
1537,76.876,0.803
1538,76.926,0.999
1539,76.976,1.19
1540,77.026,1.374
1541,77.076,1.55
1542,77.126,1.718
1543,77.176,1.876
1544,77.226,2.024
1545,77.276,2.161
1546,77.326,2.286
1547,77.376,2.398
1548,77.427,2.498
1549,77.477,2.584
1550,77.527,2.656
1551,77.577,2.714
1552,77.627,2.757
1553,77.677,2.785
1554,77.727,2.799
1555,77.777,2.797
1556,77.827,2.781
1557,77.877,2.75
1558,77.927,2.704
1559,77.977,2.644
1560,78.027,2.57
1561,78.077,2.483
1562,78.127,2.382
1563,78.177,2.269
1564,78.227,2.144
1565,78.277,2.008
1566,78.327,1.862
1567,78.377,1.706
1568,78.427,1.541
1569,78.477,1.368
1570,78.527,1.188
1571,78.577,1.003
1572,78.627,0.812
1573,78.677,0.617
1574,78.727,0.419
1575,78.777,0.219
1576,78.827,0.018
1577,78.877,-0.182
1578,78.927,-0.382
1579,78.977,-0.58
1580,79.027,-0.774
1581,79.077,-0.965
1582,79.127,-1.15
1583,79.177,-1.329
1584,79.227,-1.501
1585,79.277,-1.666
1586,79.327,-1.822
1587,79.377,-1.969
1588,79.427,-2.105
1589,79.477,-2.231
1590,79.527,-2.345
1591,79.577,-2.448
1592,79.627,-2.538
1593,79.677,-2.615
1594,79.727,-2.679
1595,79.777,-2.73
1596,79.827,-2.767
1597,79.877,-2.79
1598,79.927,-2.8
1599,79.977,-2.795
1600,80.027,-2.777
1601,80.077,-2.745
1602,80.127,-2.699
1603,80.177,-2.64
1604,80.227,-2.568
1605,80.277,-2.483
1606,80.328,-2.387
1607,80.378,-2.278
1608,80.428,-2.159
1609,80.478,-2.029
1610,80.528,-1.89
1611,80.578,-1.741
1612,80.628,-1.584
1613,80.678,-1.419
1614,80.728,-1.248
1615,80.778,-1.071
1616,80.828,-0.889
1617,80.878,-0.702
1618,80.928,-0.513
1619,80.978,-0.321
1620,81.028,-0.127
1621,81.078,0.066
1622,81.128,0.26
1623,81.178,0.451
1624,81.228,0.641
1625,81.278,0.827
1626,81.328,1.01
1627,81.378,1.187
1628,81.428,1.358
1629,81.478,1.523
1630,81.528,1.681
1631,81.578,1.831
1632,81.628,1.971
1633,81.678,2.103
1634,81.728,2.224
1635,81.778,2.335
1636,81.828,2.435
1637,81.878,2.524
1638,81.928,2.601
1639,81.978,2.665
1640,82.028,2.718
1641,82.078,2.757
1642,82.128,2.784
1643,82.178,2.798
1644,82.228,2.799
1645,82.278,2.787
1646,82.328,2.762
1647,82.378,2.725
1648,82.428,2.675
1649,82.478,2.613
1650,82.528,2.54
1651,82.578,2.454
1652,82.628,2.358
1653,82.678,2.251
1654,82.728,2.134
1655,82.778,2.008
1656,82.828,1.872
1657,82.878,1.728
1658,82.928,1.577
1659,82.978,1.418
1660,83.028,1.254
1661,83.078,1.083
1662,83.128,0.909
1663,83.178,0.73
1664,83.229,0.548
1665,83.279,0.364
1666,83.329,0.178
1667,83.379,-0.008
1668,83.429,-0.194
1669,83.479,-0.379
1670,83.529,-0.562
1671,83.579,-0.742
1672,83.629,-0.919
1673,83.679,-1.092
1674,83.729,-1.26
1675,83.779,-1.423
1676,83.829,-1.579
1677,83.879,-1.728
1678,83.929,-1.869
1679,83.979,-2.002
1680,84.029,-2.126
1681,84.079,-2.241
1682,84.129,-2.347
1683,84.179,-2.442
1684,84.229,-2.526
1685,84.279,-2.6
1686,84.329,-2.662
1687,84.379,-2.713
1688,84.429,-2.753
1689,84.479,-2.78
1690,84.529,-2.796
1691,84.579,-2.8
1692,84.629,-2.792
1693,84.679,-2.772
1694,84.729,-2.741
1695,84.779,-2.698
1696,84.829,-2.643
1697,84.879,-2.578
1698,84.929,-2.502
1699,84.979,-2.415
1700,85.029,-2.319
1701,85.079,-2.213
1702,85.129,-2.098
1703,85.179,-1.974
1704,85.229,-1.842
1705,85.279,-1.703
1706,85.329,-1.556
1707,85.379,-1.404
1708,85.429,-1.246
1709,85.479,-1.083
1710,85.529,-0.915
1711,85.579,-0.744
1712,85.629,-0.57
1713,85.679,-0.394
1714,85.729,-0.216
1715,85.779,-0.038
1716,85.829,0.14
1717,85.879,0.318
1718,85.929,0.494
1719,85.979,0.668
1720,86.029,0.839
1721,86.079,1.006
1722,86.129,1.17
1723,86.18,1.328
1724,86.23,1.481
1725,86.28,1.628
1726,86.33,1.769
1727,86.38,1.902
1728,86.43,2.027
1729,86.48,2.145
1730,86.53,2.254
1731,86.58,2.354
1732,86.63,2.444
1733,86.68,2.525
1734,86.73,2.596
1735,86.78,2.656
1736,86.83,2.706
1737,86.88,2.746
1738,86.93,2.775
1739,86.98,2.793
1740,87.03,2.8
1741,87.08,2.796
1742,87.13,2.782
1743,87.18,2.756
1744,87.23,2.721
1745,87.28,2.674
1746,87.33,2.618
1747,87.38,2.551
1748,87.43,2.475
1749,87.48,2.39
1750,87.53,2.295
1751,87.58,2.192
1752,87.63,2.081
1753,87.68,1.961
1754,87.73,1.835
1755,87.78,1.702
1756,87.83,1.562
1757,87.88,1.417
1758,87.93,1.266
1759,87.98,1.111
1760,88.03,0.952
1761,88.08,0.79
1762,88.13,0.625
1763,88.18,0.457
1764,88.23,0.288
1765,88.28,0.118
1766,88.33,-0.052
1767,88.38,-0.222
1768,88.43,-0.39
1769,88.48,-0.558
1770,88.53,-0.723
1771,88.58,-0.885
1772,88.63,-1.044
1773,88.68,-1.198
1774,88.73,-1.349
1775,88.78,-1.494
1776,88.83,-1.634
1777,88.88,-1.768
1778,88.93,-1.895
1779,88.98,-2.015
1780,89.03,-2.128
1781,89.081,-2.233
1782,89.131,-2.33
1783,89.181,-2.419
1784,89.231,-2.499
1785,89.281,-2.57
1786,89.331,-2.631
1787,89.381,-2.684
1788,89.431,-2.726
1789,89.481,-2.759
1790,89.531,-2.783
1791,89.581,-2.796
1792,89.631,-2.8
1793,89.681,-2.794
1794,89.731,-2.778
1795,89.781,-2.752
1796,89.831,-2.717
1797,89.881,-2.673
1798,89.931,-2.619
1799,89.981,-2.556
1800,90.031,-2.484
1801,90.081,-2.404
1802,90.131,-2.316
1803,90.181,-2.22
1804,90.231,-2.116
1805,90.281,-2.005
1806,90.331,-1.887
1807,90.381,-1.763
1808,90.431,-1.634
1809,90.481,-1.498
1810,90.531,-1.358
1811,90.581,-1.214
1812,90.631,-1.065
1813,90.681,-0.913
1814,90.731,-0.758
1815,90.781,-0.601
1816,90.831,-0.442
1817,90.881,-0.281
1818,90.931,-0.12
1819,90.981,0.042
1820,91.031,0.203
1821,91.081,0.363
1822,91.131,0.522
1823,91.181,0.679
1824,91.231,0.834
1825,91.281,0.986
1826,91.331,1.134
1827,91.381,1.279
1828,91.431,1.419
1829,91.481,1.555
1830,91.531,1.685
1831,91.581,1.81
1832,91.631,1.928
1833,91.681,2.04
1834,91.731,2.146
1835,91.781,2.245
1836,91.831,2.336
1837,91.881,2.42
1838,91.931,2.495
1839,91.982,2.563
1840,92.032,2.623
1841,92.082,2.674
1842,92.132,2.716
1843,92.182,2.75
1844,92.232,2.775
1845,92.282,2.792
1846,92.332,2.799
1847,92.382,2.798
1848,92.432,2.788
1849,92.482,2.769
1850,92.532,2.742
1851,92.582,2.706
1852,92.632,2.662
1853,92.682,2.609
1854,92.732,2.549
1855,92.782,2.481
1856,92.832,2.405
1857,92.882,2.321
1858,92.932,2.231
1859,92.982,2.134
1860,93.032,2.03
1861,93.082,1.921
1862,93.132,1.806
1863,93.182,1.685
1864,93.232,1.559
1865,93.282,1.429
1866,93.332,1.295
1867,93.382,1.156
1868,93.432,1.015
1869,93.482,0.87
1870,93.532,0.724
1871,93.582,0.575
1872,93.632,0.424
1873,93.682,0.273
1874,93.732,0.12
1875,93.782,-0.032
1876,93.832,-0.184
1877,93.882,-0.336
1878,93.932,-0.486
1879,93.982,-0.634
1880,94.032,-0.781
1881,94.082,-0.925
1882,94.132,-1.067
1883,94.182,-1.205
1884,94.232,-1.339
1885,94.282,-1.47
1886,94.332,-1.596
1887,94.382,-1.717
1888,94.432,-1.833
1889,94.482,-1.944
1890,94.532,-2.049
1891,94.582,-2.148
1892,94.632,-2.241
1893,94.682,-2.328
1894,94.732,-2.407
1895,94.782,-2.48
1896,94.832,-2.546
1897,94.882,-2.604
1898,94.933,-2.655
1899,94.983,-2.698
1900,95.033,-2.734
1901,95.083,-2.762
1902,95.133,-2.783
1903,95.183,-2.795
1904,95.233,-2.8
1905,95.283,-2.797
1906,95.333,-2.786
1907,95.383,-2.768
1908,95.433,-2.742
1909,95.483,-2.708
1910,95.533,-2.667
1911,95.583,-2.619
1912,95.633,-2.563
1913,95.683,-2.501
1914,95.733,-2.432
1915,95.783,-2.357
1916,95.833,-2.275
1917,95.883,-2.187
1918,95.933,-2.093
1919,95.983,-1.994
1920,96.033,-1.889
1921,96.083,-1.78
1922,96.133,-1.666
1923,96.183,-1.547
1924,96.233,-1.425
1925,96.283,-1.299
1926,96.333,-1.169
1927,96.383,-1.037
1928,96.433,-0.902
1929,96.483,-0.765
1930,96.533,-0.626
1931,96.583,-0.486
1932,96.633,-0.344
1933,96.683,-0.202
1934,96.733,-0.059
1935,96.783,0.083
1936,96.833,0.226
1937,96.883,0.367
1938,96.933,0.508
1939,96.983,0.647
1940,97.033,0.784
1941,97.083,0.919
1942,97.133,1.051
1943,97.183,1.181
1944,97.233,1.307
1945,97.283,1.43
1946,97.333,1.549
1947,97.383,1.665
1948,97.433,1.776
1949,97.483,1.882
1950,97.533,1.983
1951,97.583,2.08
1952,97.633,2.171
1953,97.683,2.256
1954,97.733,2.336
1955,97.783,2.41
1956,97.834,2.478
1957,97.884,2.54
1958,97.934,2.595
1959,97.984,2.644
1960,98.034,2.686
1961,98.084,2.722
1962,98.134,2.751
1963,98.184,2.773
1964,98.234,2.789
1965,98.284,2.798
1966,98.334,2.8
1967,98.384,2.795
1968,98.434,2.784
1969,98.484,2.766
1970,98.534,2.741
1971,98.584,2.71
1972,98.634,2.672
1973,98.684,2.628
1974,98.734,2.578
1975,98.784,2.522
1976,98.834,2.46
1977,98.884,2.392
1978,98.934,2.319
1979,98.984,2.24
1980,99.034,2.157
1981,99.084,2.068
1982,99.134,1.974
1983,99.184,1.877
1984,99.234,1.775
1985,99.284,1.668
1986,99.334,1.559
1987,99.384,1.445
1988,99.434,1.329
1989,99.484,1.21
1990,99.534,1.088
1991,99.584,0.964
1992,99.634,0.837
1993,99.684,0.709
1994,99.734,0.58
1995,99.784,0.449
1996,99.834,0.318
1997,99.884,0.186
1998,99.934,0.053
1999,99.984,-0.079
2000,100.034,-0.211
2001,100.084,-0.342
2002,100.134,-0.472
2003,100.184,-0.601
2004,100.234,-0.729
2005,100.284,-0.855
2006,100.334,-0.979
2007,100.384,-1.1
2008,100.434,-1.219
2009,100.484,-1.336
2010,100.534,-1.449
2011,100.584,-1.559
2012,100.634,-1.665
2013,100.684,-1.768
2014,100.734,-1.866
2015,100.785,-1.961
2016,100.835,-2.051
2017,100.885,-2.137
2018,100.935,-2.218
2019,100.985,-2.295
2020,101.035,-2.366
2021,101.085,-2.432
2022,101.135,-2.493
2023,101.185,-2.549
2024,101.235,-2.599
2025,101.285,-2.644
2026,101.335,-2.684
2027,101.385,-2.717
2028,101.435,-2.745
2029,101.485,-2.767
2030,101.535,-2.784
2031,101.585,-2.795
2032,101.635,-2.8
2033,101.685,-2.799
2034,101.735,-2.792
2035,101.785,-2.78
2036,101.835,-2.762
2037,101.885,-2.739
2038,101.935,-2.71
2039,101.985,-2.676
2040,102.035,-2.636
2041,102.085,-2.591
2042,102.135,-2.541
2043,102.185,-2.486
2044,102.235,-2.426
2045,102.285,-2.362
2046,102.335,-2.292
2047,102.385,-2.219
2048,102.435,-2.141
2049,102.485,-2.059
2050,102.535,-1.973
2051,102.585,-1.883
2052,102.635,-1.79
2053,102.685,-1.693
2054,102.735,-1.593
2055,102.785,-1.49
2056,102.835,-1.385
2057,102.885,-1.277
2058,102.935,-1.167
2059,102.985,-1.054
2060,103.035,-0.94
2061,103.085,-0.824
2062,103.135,-0.707
2063,103.185,-0.588
2064,103.235,-0.469
2065,103.285,-0.348
2066,103.335,-0.228
2067,103.385,-0.107
2068,103.435,0.014
2069,103.485,0.135
2070,103.535,0.255
2071,103.585,0.375
2072,103.635,0.494
2073,103.686,0.612
2074,103.736,0.728
2075,103.786,0.843
2076,103.836,0.957
2077,103.886,1.068
2078,103.936,1.178
2079,103.986,1.285
2080,104.036,1.389
2081,104.086,1.491
2082,104.136,1.59
2083,104.186,1.686
2084,104.236,1.779
2085,104.286,1.869
2086,104.336,1.955
2087,104.386,2.038
2088,104.436,2.117
2089,104.486,2.192
2090,104.536,2.263
2091,104.586,2.33
2092,104.636,2.393
2093,104.686,2.452
2094,104.736,2.506
2095,104.786,2.556
2096,104.836,2.601
2097,104.886,2.642
2098,104.936,2.678
2099,104.986,2.71
2100,105.036,2.736
2101,105.086,2.759
2102,105.136,2.776
2103,105.186,2.789
2104,105.236,2.797
2105,105.286,2.8
2106,105.336,2.798
2107,105.386,2.792
2108,105.436,2.781
2109,105.486,2.766
2110,105.536,2.746
2111,105.586,2.721
2112,105.636,2.692
2113,105.686,2.659
2114,105.736,2.621
2115,105.786,2.579
2116,105.836,2.533
2117,105.886,2.483
2118,105.936,2.428
2119,105.986,2.37
2120,106.036,2.308
2121,106.086,2.243
2122,106.136,2.174
2123,106.186,2.102
2124,106.236,2.026
2125,106.286,1.947
2126,106.336,1.866
2127,106.386,1.781
2128,106.436,1.694
2129,106.486,1.604
2130,106.536,1.512
2131,106.587,1.418
2132,106.637,1.321
2133,106.687,1.223
2134,106.737,1.123
2135,106.787,1.021
2136,106.837,0.918
2137,106.887,0.814
2138,106.937,0.708
2139,106.987,0.602
2140,107.037,0.495
2141,107.087,0.387
2142,107.137,0.279
2143,107.187,0.17
2144,107.237,0.062
2145,107.287,-0.047
2146,107.337,-0.155
2147,107.387,-0.263
2148,107.437,-0.37
2149,107.487,-0.477
2150,107.537,-0.583
2151,107.587,-0.687
2152,107.637,-0.791
2153,107.687,-0.893
2154,107.737,-0.994
2155,107.787,-1.093
2156,107.837,-1.19
2157,107.887,-1.286
2158,107.937,-1.379
2159,107.987,-1.471
2160,108.037,-1.56
2161,108.087,-1.647
2162,108.137,-1.731
2163,108.187,-1.813
2164,108.237,-1.892
2165,108.287,-1.968
2166,108.337,-2.041
2167,108.387,-2.112
2168,108.437,-2.179
2169,108.487,-2.243
2170,108.537,-2.304
2171,108.587,-2.362
2172,108.637,-2.416
2173,108.687,-2.467
2174,108.737,-2.514
2175,108.787,-2.558
2176,108.837,-2.598
2177,108.887,-2.635
2178,108.937,-2.668
2179,108.987,-2.698
2180,109.037,-2.723
2181,109.087,-2.745
2182,109.137,-2.764
2183,109.187,-2.778
2184,109.237,-2.789
2185,109.287,-2.796
2186,109.337,-2.8
2187,109.387,-2.799
2188,109.437,-2.795
2189,109.487,-2.788
2190,109.538,-2.777
2191,109.588,-2.762
2192,109.638,-2.743
2193,109.688,-2.722
2194,109.738,-2.696
2195,109.788,-2.667
2196,109.838,-2.635
2197,109.888,-2.6
2198,109.938,-2.561
2199,109.988,-2.519
2200,110.038,-2.474
2201,110.088,-2.426
2202,110.138,-2.375
2203,110.188,-2.321
2204,110.238,-2.264
2205,110.288,-2.205
2206,110.338,-2.143
2207,110.388,-2.078
2208,110.438,-2.011
2209,110.488,-1.942
2210,110.538,-1.87
2211,110.588,-1.796
2212,110.638,-1.72
2213,110.688,-1.642
2214,110.738,-1.563
2215,110.788,-1.481
2216,110.838,-1.398
2217,110.888,-1.313
2218,110.938,-1.227
2219,110.988,-1.14
2220,111.038,-1.051
2221,111.088,-0.962
2222,111.138,-0.871
2223,111.188,-0.779
2224,111.238,-0.687
2225,111.288,-0.594
2226,111.338,-0.501
2227,111.388,-0.407
2228,111.438,-0.313
2229,111.488,-0.218
2230,111.538,-0.124
2231,111.588,-0.029
2232,111.638,0.065
2233,111.688,0.159
2234,111.738,0.253
2235,111.788,0.346
2236,111.838,0.439
2237,111.888,0.531
2238,111.938,0.622
2239,111.988,0.713
2240,112.038,0.802
2241,112.088,0.891
2242,112.138,0.978
2243,112.188,1.064
2244,112.238,1.149
2245,112.288,1.233
2246,112.338,1.314
2247,112.388,1.395
2248,112.439,1.474
2249,112.489,1.551
2250,112.539,1.626
2251,112.589,1.699
2252,112.639,1.771
2253,112.689,1.84
2254,112.739,1.908
2255,112.789,1.973
2256,112.839,2.036
2257,112.889,2.097
2258,112.939,2.156
2259,112.989,2.212
2260,113.039,2.266
2261,113.089,2.317
2262,113.139,2.366
2263,113.189,2.413
2264,113.239,2.457
2265,113.289,2.498
2266,113.339,2.537
2267,113.389,2.573
2268,113.439,2.607
2269,113.489,2.638
2270,113.539,2.666
2271,113.589,2.692
2272,113.639,2.714
2273,113.689,2.735
2274,113.739,2.752
2275,113.789,2.767
2276,113.839,2.779
2277,113.889,2.788
2278,113.939,2.795
2279,113.989,2.799
2280,114.039,2.8
2281,114.089,2.799
2282,114.139,2.795
2283,114.189,2.788
2284,114.239,2.779
2285,114.289,2.767
2286,114.339,2.752
2287,114.389,2.735
2288,114.439,2.716
2289,114.489,2.694
2290,114.539,2.669
2291,114.589,2.643
2292,114.639,2.613
2293,114.689,2.582
2294,114.739,2.548
2295,114.789,2.512
2296,114.839,2.474
2297,114.889,2.434
2298,114.939,2.391
2299,114.989,2.347
2300,115.039,2.301
2301,115.089,2.252
2302,115.139,2.202
2303,115.189,2.15
2304,115.239,2.096
2305,115.289,2.04
2306,115.339,1.983
2307,115.39,1.924
2308,115.44,1.864
2309,115.49,1.802
2310,115.54,1.739
2311,115.59,1.674
2312,115.64,1.609
2313,115.69,1.542
2314,115.74,1.473
2315,115.79,1.404
2316,115.84,1.334
2317,115.89,1.262
2318,115.94,1.19
2319,115.99,1.117
2320,116.04,1.043
2321,116.09,0.969
2322,116.14,0.894
2323,116.19,0.818
2324,116.24,0.742
2325,116.29,0.665
2326,116.34,0.588
2327,116.39,0.511
2328,116.44,0.433
2329,116.49,0.356
2330,116.54,0.278
2331,116.59,0.2
2332,116.64,0.122
2333,116.69,0.044
2334,116.74,-0.034
2335,116.79,-0.111
2336,116.84,-0.188
2337,116.89,-0.265
2338,116.94,-0.342
2339,116.99,-0.418
2340,117.04,-0.494
2341,117.09,-0.569
2342,117.14,-0.644
2343,117.19,-0.718
2344,117.24,-0.791
2345,117.29,-0.863
2346,117.34,-0.935
2347,117.39,-1.006
2348,117.44,-1.076
2349,117.49,-1.145
2350,117.54,-1.213
2351,117.59,-1.28
2352,117.64,-1.346
2353,117.69,-1.411
2354,117.74,-1.475
2355,117.79,-1.538
2356,117.84,-1.599
2357,117.89,-1.659
2358,117.94,-1.718
2359,117.99,-1.776
2360,118.04,-1.832
2361,118.09,-1.887
2362,118.14,-1.94
2363,118.19,-1.992
2364,118.24,-2.043
2365,118.291,-2.092
2366,118.341,-2.139
2367,118.391,-2.185
2368,118.441,-2.229
2369,118.491,-2.272
2370,118.541,-2.314
2371,118.591,-2.353
2372,118.641,-2.391
2373,118.691,-2.428
2374,118.741,-2.462
2375,118.791,-2.495
2376,118.841,-2.527
2377,118.891,-2.556
2378,118.941,-2.584
2379,118.991,-2.611
2380,119.041,-2.635
2381,119.091,-2.658
2382,119.141,-2.679
2383,119.191,-2.699
2384,119.241,-2.716
2385,119.291,-2.732
2386,119.341,-2.747
2387,119.391,-2.759
2388,119.441,-2.77
2389,119.491,-2.779
2390,119.541,-2.787
2391,119.591,-2.793
2392,119.641,-2.797
2393,119.691,-2.799
2394,119.741,-2.8
2395,119.791,-2.799
2396,119.841,-2.797
2397,119.891,-2.793
2398,119.941,-2.787
2399,119.991,-2.78
2400,120.041,-2.771
2401,120.091,-2.76
2402,120.141,-2.748
2403,120.191,-2.735
2404,120.241,-2.72
2405,120.291,-2.704
2406,120.341,-2.686
2407,120.391,-2.666
2408,120.441,-2.646
2409,120.491,-2.623
2410,120.541,-2.6
2411,120.591,-2.575
2412,120.641,-2.549
2413,120.691,-2.521
2414,120.741,-2.492
2415,120.791,-2.462
2416,120.841,-2.431
2417,120.891,-2.398
2418,120.941,-2.365
2419,120.991,-2.33
2420,121.041,-2.294
2421,121.091,-2.257
2422,121.141,-2.219
2423,121.192,-2.18
2424,121.242,-2.14
2425,121.292,-2.099
2426,121.342,-2.057
2427,121.392,-2.014
2428,121.442,-1.97
2429,121.492,-1.925
2430,121.542,-1.879
2431,121.592,-1.833
2432,121.642,-1.786
2433,121.692,-1.738
2434,121.742,-1.689
2435,121.792,-1.64
2436,121.842,-1.59
2437,121.892,-1.54
2438,121.942,-1.489
2439,121.992,-1.437
2440,122.042,-1.385
2441,122.092,-1.332
2442,122.142,-1.279
2443,122.192,-1.225
2444,122.242,-1.171
2445,122.292,-1.117
2446,122.342,-1.062
2447,122.392,-1.007
2448,122.442,-0.951
2449,122.492,-0.896
2450,122.542,-0.84
2451,122.592,-0.784
2452,122.642,-0.727
2453,122.692,-0.671
2454,122.742,-0.614
2455,122.792,-0.557
2456,122.842,-0.501
2457,122.892,-0.444
2458,122.942,-0.387
2459,122.992,-0.33
2460,123.042,-0.273
2461,123.092,-0.216
2462,123.142,-0.16
2463,123.192,-0.103
2464,123.242,-0.046
2465,123.292,0.01
2466,123.342,0.066
2467,123.392,0.122
2468,123.442,0.178
2469,123.492,0.234
2470,123.542,0.289
2471,123.592,0.344
2472,123.642,0.399
2473,123.692,0.453
2474,123.742,0.507
2475,123.792,0.561
2476,123.842,0.614
2477,123.892,0.667
2478,123.942,0.72
2479,123.992,0.772
2480,124.042,0.824
2481,124.092,0.875
2482,124.143,0.926
2483,124.193,0.976
2484,124.243,1.026
2485,124.293,1.075
2486,124.343,1.124
2487,124.393,1.172
2488,124.443,1.22
2489,124.493,1.267
2490,124.543,1.313
2491,124.593,1.359
2492,124.643,1.404
2493,124.693,1.449
2494,124.743,1.493
2495,124.793,1.536
2496,124.843,1.579
2497,124.893,1.621
2498,124.943,1.662
2499,124.993,1.703
2500,125.043,1.743
2501,125.093,1.782
2502,125.143,1.821
2503,125.193,1.858
2504,125.243,1.895
2505,125.293,1.932
2506,125.343,1.968
2507,125.393,2.003
2508,125.443,2.037
2509,125.493,2.07
2510,125.543,2.103
2511,125.593,2.135
2512,125.643,2.166
2513,125.693,2.197
2514,125.743,2.226
2515,125.793,2.255
2516,125.843,2.283
2517,125.893,2.311
2518,125.943,2.337
2519,125.993,2.363
2520,126.043,2.388
2521,126.093,2.413
2522,126.143,2.436
2523,126.193,2.459
2524,126.243,2.481
2525,126.293,2.502
2526,126.343,2.523
2527,126.393,2.543
2528,126.443,2.562
2529,126.493,2.58
2530,126.543,2.597
2531,126.593,2.614
2532,126.643,2.63
2533,126.693,2.645
2534,126.743,2.66
2535,126.793,2.673
2536,126.843,2.686
2537,126.893,2.699
2538,126.943,2.71
2539,126.993,2.721
2540,127.044,2.731
2541,127.094,2.74
2542,127.144,2.749
2543,127.194,2.757
2544,127.244,2.764
2545,127.294,2.771
2546,127.344,2.777
2547,127.394,2.782
2548,127.444,2.786
2549,127.494,2.79
2550,127.544,2.794
2551,127.594,2.796
2552,127.644,2.798
2553,127.694,2.799
2554,127.744,2.8
2555,127.794,2.8
2556,127.844,2.799
2557,127.894,2.798
2558,127.944,2.796
2559,127.994,2.794
2560,128.044,2.791
2561,128.094,2.787
2562,128.144,2.783
2563,128.194,2.778
2564,128.244,2.773
2565,128.294,2.767
2566,128.344,2.761
2567,128.394,2.754
2568,128.444,2.747
2569,128.494,2.739
2570,128.544,2.73
2571,128.594,2.721
2572,128.644,2.712
2573,128.694,2.702
2574,128.744,2.691
2575,128.794,2.681
2576,128.844,2.669
2577,128.894,2.658
2578,128.944,2.645
2579,128.994,2.633
2580,129.044,2.62
2581,129.094,2.606
2582,129.144,2.592
2583,129.194,2.578
2584,129.244,2.563
2585,129.294,2.548
2586,129.344,2.533
2587,129.394,2.517
2588,129.444,2.501
2589,129.494,2.484
2590,129.544,2.468
2591,129.594,2.45
2592,129.644,2.433
2593,129.694,2.415
2594,129.744,2.397
2595,129.794,2.379
2596,129.844,2.36
2597,129.894,2.341
2598,129.945,2.322
2599,129.995,2.302
2600,130.045,2.283
2601,130.095,2.263
2602,130.145,2.242
2603,130.195,2.222
2604,130.245,2.201
2605,130.295,2.18
2606,130.345,2.159
2607,130.395,2.138
2608,130.445,2.116
2609,130.495,2.094
2610,130.545,2.073
2611,130.595,2.05
2612,130.645,2.028
2613,130.695,2.006
2614,130.745,1.983
2615,130.795,1.961
2616,130.845,1.938
2617,130.895,1.915
2618,130.945,1.892
2619,130.995,1.868
2620,131.045,1.845
2621,131.095,1.822
2622,131.145,1.798
2623,131.195,1.775
2624,131.245,1.751
2625,131.295,1.727
2626,131.345,1.703
2627,131.395,1.679
2628,131.445,1.655
2629,131.495,1.631
2630,131.545,1.607
2631,131.595,1.583
2632,131.645,1.559
2633,131.695,1.535
2634,131.745,1.51
2635,131.795,1.486
2636,131.845,1.462
2637,131.895,1.438
2638,131.945,1.413
2639,131.995,1.389
2640,132.045,1.365
2641,132.095,1.341
2642,132.145,1.316
2643,132.195,1.292
2644,132.245,1.268
2645,132.295,1.244
2646,132.345,1.219
2647,132.395,1.195
2648,132.445,1.171
2649,132.495,1.147
2650,132.545,1.123
2651,132.595,1.099
2652,132.645,1.075
2653,132.695,1.051
2654,132.745,1.028
2655,132.795,1.004
2656,132.845,0.98
2657,132.896,0.957
2658,132.946,0.933
2659,132.996,0.91
2660,133.046,0.886
2661,133.096,0.863
2662,133.146,0.84
2663,133.196,0.817
2664,133.246,0.794
2665,133.296,0.771
2666,133.346,0.748
2667,133.396,0.725
2668,133.446,0.703
2669,133.496,0.68
2670,133.546,0.658
2671,133.596,0.636
2672,133.646,0.614
2673,133.696,0.592
2674,133.746,0.57
2675,133.796,0.548
2676,133.846,0.526
2677,133.896,0.505
2678,133.946,0.484
2679,133.996,0.462
2680,134.046,0.441
2681,134.096,0.42
2682,134.146,0.399
2683,134.196,0.379
2684,134.246,0.358
2685,134.296,0.338
2686,134.346,0.317
2687,134.396,0.297
2688,134.446,0.277
2689,134.496,0.258
2690,134.546,0.238
2691,134.596,0.218
2692,134.646,0.199
2693,134.696,0.18
2694,134.746,0.161
2695,134.796,0.142
2696,134.846,0.123
2697,134.896,0.104
2698,134.946,0.086
2699,134.996,0.068
2700,135.046,0.05
2701,135.096,0.032
2702,135.146,0.014
2703,135.196,-0.004
2704,135.246,-0.021
2705,135.296,-0.039
2706,135.346,-0.056
2707,135.396,-0.073
2708,135.446,-0.09
2709,135.496,-0.106
2710,135.546,-0.123
2711,135.596,-0.139
2712,135.646,-0.155
2713,135.696,-0.171
2714,135.746,-0.187
2715,135.797,-0.203
2716,135.847,-0.218
2717,135.897,-0.234
2718,135.947,-0.249
2719,135.997,-0.264
2720,136.047,-0.278
2721,136.097,-0.293
2722,136.147,-0.308
2723,136.197,-0.322
2724,136.247,-0.336
2725,136.297,-0.35
2726,136.347,-0.364
2727,136.397,-0.377
2728,136.447,-0.391
2729,136.497,-0.404
2730,136.547,-0.417
2731,136.597,-0.43
2732,136.647,-0.443
2733,136.697,-0.456
2734,136.747,-0.468
2735,136.797,-0.48
2736,136.847,-0.492
2737,136.897,-0.504
2738,136.947,-0.516
2739,136.997,-0.528
2740,137.047,-0.539
2741,137.097,-0.55
2742,137.147,-0.561
2743,137.197,-0.572
2744,137.247,-0.583
2745,137.297,-0.593
2746,137.347,-0.604
2747,137.397,-0.614
2748,137.447,-0.624
2749,137.497,-0.634
2750,137.547,-0.644
2751,137.597,-0.653
2752,137.647,-0.663
2753,137.697,-0.672
2754,137.747,-0.681
2755,137.797,-0.69
2756,137.847,-0.699
2757,137.897,-0.707
2758,137.947,-0.716
2759,137.997,-0.724
2760,138.047,-0.732
2761,138.097,-0.74
2762,138.147,-0.748
2763,138.197,-0.755
2764,138.247,-0.763
2765,138.297,-0.77
2766,138.347,-0.777
2767,138.397,-0.784
2768,138.447,-0.791
2769,138.497,-0.797
2770,138.547,-0.804
2771,138.597,-0.81
2772,138.647,-0.816
2773,138.697,-0.822
2774,138.748,-0.828
2775,138.798,-0.834
2776,138.848,-0.839
2777,138.898,-0.844
2778,138.948,-0.85
2779,138.998,-0.855
2780,139.048,-0.86
2781,139.098,-0.864
2782,139.148,-0.869
2783,139.198,-0.873
2784,139.248,-0.877
2785,139.298,-0.882
2786,139.348,-0.885
2787,139.398,-0.889
2788,139.448,-0.893
2789,139.498,-0.896
2790,139.548,-0.9
2791,139.598,-0.903
2792,139.648,-0.906
2793,139.698,-0.909
2794,139.748,-0.911
2795,139.798,-0.914
2796,139.848,-0.916
2797,139.898,-0.918
2798,139.948,-0.92
2799,139.998,-0.922
2800,140.048,-0.924
2801,140.098,-0.926
2802,140.148,-0.927
2803,140.198,-0.928
2804,140.248,-0.929
2805,140.298,-0.93
2806,140.348,-0.931
2807,140.398,-0.932
2808,140.448,-0.932
2809,140.498,-0.933
2810,140.548,-0.933
2811,140.598,-0.933
2812,140.648,-0.933
2813,140.698,-0.933
2814,140.748,-0.932
2815,140.798,-0.932
2816,140.848,-0.931
2817,140.898,-0.93
2818,140.948,-0.929
2819,140.998,-0.928
2820,141.048,-0.927
2821,141.098,-0.925
2822,141.148,-0.924
2823,141.198,-0.922
2824,141.248,-0.92
2825,141.298,-0.918
2826,141.348,-0.916
2827,141.398,-0.913
2828,141.448,-0.911
2829,141.498,-0.908
2830,141.548,-0.905
2831,141.598,-0.902
2832,141.649,-0.899
2833,141.699,-0.896
2834,141.749,-0.892
2835,141.799,-0.888
2836,141.849,-0.885
2837,141.899,-0.881
2838,141.949,-0.877
2839,141.999,-0.872
2840,142.049,-0.868
2841,142.099,-0.863
2842,142.149,-0.858
2843,142.199,-0.854
2844,142.249,-0.849
2845,142.299,-0.843
2846,142.349,-0.838
2847,142.399,-0.832
2848,142.449,-0.827
2849,142.499,-0.821
2850,142.549,-0.815
2851,142.599,-0.809
2852,142.649,-0.802
2853,142.699,-0.796
2854,142.749,-0.789
2855,142.799,-0.782
2856,142.849,-0.775
2857,142.899,-0.768
2858,142.949,-0.761
2859,142.999,-0.754
2860,143.049,-0.746
2861,143.099,-0.738
2862,143.149,-0.73
2863,143.199,-0.722
2864,143.249,-0.714
2865,143.299,-0.705
2866,143.349,-0.697
2867,143.399,-0.688
2868,143.449,-0.679
2869,143.499,-0.67
2870,143.549,-0.661
2871,143.599,-0.651
2872,143.649,-0.642
2873,143.699,-0.632
2874,143.749,-0.622
2875,143.799,-0.612
2876,143.849,-0.602
2877,143.899,-0.591
2878,143.949,-0.58
2879,143.999,-0.57
2880,144.049,-0.559
2881,144.099,-0.548
2882,144.149,-0.536
2883,144.199,-0.525
2884,144.249,-0.513
2885,144.299,-0.502
2886,144.349,-0.49
2887,144.399,-0.477
2888,144.449,-0.465
2889,144.499,-0.453
2890,144.55,-0.44
2891,144.6,-0.427
2892,144.65,-0.414
2893,144.7,-0.401
2894,144.75,-0.388
2895,144.8,-0.374
2896,144.85,-0.361
2897,144.9,-0.347
2898,144.95,-0.333
2899,145.0,-0.319
2900,145.05,-0.304
2901,145.1,-0.29
2902,145.15,-0.275
2903,145.2,-0.26
2904,145.25,-0.245
2905,145.3,-0.23
2906,145.35,-0.215
2907,145.4,-0.199
2908,145.45,-0.184
2909,145.5,-0.168
2910,145.55,-0.152
2911,145.6,-0.136
2912,145.65,-0.119
2913,145.7,-0.103
2914,145.75,-0.086
2915,145.8,-0.069
2916,145.85,-0.052
2917,145.9,-0.035
2918,145.95,-0.018
2919,146.0,0.0
