Time (s) Auto,Angle (rad) Run #25
0,0
0.05,0
0.1,-0.003
0.15,-0.017
0.2,-0.047
0.25,-0.099
0.3,-0.179
0.35,-0.291
0.4,-0.435
0.45,-0.614
0.5,-0.826
0.55,-1.068
0.6,-1.334
0.65,-1.616
0.7,-1.909
0.75,-2.201
0.8,-2.483
0.85,-2.744
0.9,-2.972
0.95,-3.16
1,-3.297
1.05,-3.374
1.1,-3.387
1.15,-3.33
1.2,-3.208
1.25,-3.018
1.3,-2.766
1.35,-2.454
1.4,-2.091
1.45,-1.682
1.5,-1.241
1.55,-0.773
1.6,-0.292
1.65,0.188
1.7,0.655
1.75,1.09
1.8,1.475
1.85,1.783
1.9,1.992
1.95,2.083
2,2.047
2.05,1.883
2.1,1.605
2.15,1.232
2.2,0.781
2.25,0.269
2.3,-0.289
2.35,-0.875
2.4,-1.47
2.45,-2.058
2.5,-2.619
2.55,-3.135
2.6,-3.591
2.65,-3.968
2.7,-4.257
2.75,-4.445
2.8,-4.529
2.85,-4.507
2.9,-4.381
2.95,-4.161
3,-3.852
3.05,-3.467
3.1,-3.019
3.15,-2.524
3.2,-1.998
3.25,-1.456
3.3,-0.909
3.35,-0.372
3.4,0.141
3.45,0.619
3.5,1.049
3.55,1.42
3.6,1.714
3.65,1.918
3.7,2.017
3.75,2.007
3.8,1.893
3.85,1.682
3.9,1.392
3.95,1.038
4,0.636
4.05,0.195
4.1,-0.272
4.15,-0.752
4.2,-1.235
4.25,-1.706
4.3,-2.155
4.35,-2.57
4.4,-2.941
4.45,-3.258
4.5,-3.512
4.55,-3.698
4.6,-3.809
4.65,-3.847
4.7,-3.811
4.75,-3.706
4.8,-3.537
4.85,-3.311
4.9,-3.038
4.95,-2.725
5,-2.381
5.05,-2.018
5.1,-1.641
5.15,-1.26
5.2,-0.881
5.25,-0.511
5.3,-0.154
5.35,0.181
5.4,0.487
5.45,0.762
5.5,0.999
5.55,1.192
5.6,1.334
5.65,1.418
5.7,1.44
5.75,1.398
5.8,1.293
5.85,1.126
5.9,0.905
5.95,0.631
6,0.311
6.05,-0.047
6.1,-0.438
6.15,-0.85
6.2,-1.274
6.25,-1.698
6.3,-2.111
6.35,-2.504
6.4,-2.86
6.45,-3.175
6.5,-3.435
6.55,-3.635
6.6,-3.764
6.65,-3.82
6.7,-3.801
6.75,-3.71
6.8,-3.55
6.85,-3.325
6.9,-3.044
6.95,-2.716
7,-2.347
7.05,-1.949
7.1,-1.53
7.15,-1.1
7.2,-0.668
7.25,-0.24
7.3,0.173
7.35,0.559
7.4,0.913
7.45,1.221
7.5,1.473
7.55,1.654
7.6,1.756
7.65,1.767
7.7,1.689
7.75,1.522
7.8,1.28
7.85,0.972
7.9,0.608
7.95,0.198
8,-0.25
8.05,-0.719
8.1,-1.2
8.15,-1.681
8.2,-2.146
8.25,-2.582
8.3,-2.978
8.35,-3.322
8.4,-3.603
8.45,-3.814
8.5,-3.946
8.55,-3.998
8.6,-3.969
8.65,-3.863
8.7,-3.682
8.75,-3.437
8.8,-3.132
8.85,-2.782
8.9,-2.394
8.95,-1.979
9,-1.55
9.05,-1.114
9.1,-0.68
9.15,-0.258
9.2,0.143
9.25,0.517
9.3,0.853
9.35,1.144
9.4,1.381
9.45,1.554
9.5,1.652
9.55,1.673
9.6,1.613
9.65,1.475
9.7,1.269
9.75,1.004
9.8,0.686
9.85,0.324
9.9,-0.074
9.95,-0.498
10,-0.938
10.05,-1.381
10.1,-1.816
10.15,-2.234
10.2,-2.622
10.25,-2.967
10.3,-3.266
10.35,-3.504
10.4,-3.677
10.45,-3.779
10.5,-3.809
10.55,-3.767
10.6,-3.655
10.65,-3.479
10.7,-3.247
10.75,-2.964
10.8,-2.642
10.85,-2.287
10.9,-1.909
10.95,-1.517
11,-1.118
11.05,-0.721
11.1,-0.333
11.15,0.039
11.2,0.388
11.25,0.705
11.3,0.986
11.35,1.221
11.4,1.401
11.45,1.517
11.5,1.565
11.55,1.539
11.6,1.44
11.65,1.274
11.7,1.046
11.75,0.763
11.8,0.434
11.85,0.061
11.9,-0.341
11.95,-0.767
12,-1.202
12.05,-1.638
12.1,-2.061
12.15,-2.463
12.2,-2.829
12.25,-3.151
12.3,-3.418
12.35,-3.622
12.4,-3.759
12.45,-3.822
12.5,-3.811
12.55,-3.729
12.6,-3.577
12.65,-3.365
12.7,-3.098
12.75,-2.783
12.8,-2.432
12.85,-2.051
12.9,-1.654
12.95,-1.246
13,-0.836
13.05,-0.43
13.1,-0.039
13.15,0.33
13.2,0.668
13.25,0.968
13.3,1.224
13.35,1.423
13.4,1.558
13.45,1.619
13.5,1.602
13.55,1.51
13.6,1.343
13.65,1.114
13.7,0.828
13.75,0.492
13.8,0.116
13.85,-0.291
13.9,-0.721
13.95,-1.161
14,-1.601
14.05,-2.026
14.1,-2.43
14.15,-2.799
14.2,-3.123
14.25,-3.393
14.3,-3.6
14.35,-3.74
14.4,-3.806
14.45,-3.8
14.5,-3.723
14.55,-3.578
14.6,-3.373
14.65,-3.115
14.7,-2.812
14.75,-2.472
14.8,-2.106
14.85,-1.722
14.9,-1.327
14.95,-0.93
15,-0.539
15.05,-0.162
15.1,0.198
15.15,0.528
15.2,0.823
15.25,1.079
15.3,1.285
15.35,1.434
15.4,1.519
15.45,1.535
15.5,1.478
15.55,1.354
15.6,1.169
15.65,0.927
15.7,0.635
15.75,0.298
15.8,-0.074
15.85,-0.473
15.9,-0.889
15.95,-1.312
16,-1.731
16.05,-2.136
16.1,-2.515
16.15,-2.857
16.2,-3.156
16.25,-3.401
16.3,-3.583
16.35,-3.701
16.4,-3.748
16.45,-3.724
16.5,-3.633
16.55,-3.481
16.6,-3.269
16.65,-3.01
16.7,-2.706
16.75,-2.37
16.8,-2.009
16.85,-1.632
16.9,-1.247
16.95,-0.859
17,-0.479
17.05,-0.112
17.1,0.236
17.15,0.556
17.2,0.844
17.25,1.089
17.3,1.286
17.35,1.428
17.4,1.506
17.45,1.516
17.5,1.455
17.55,1.327
17.6,1.139
17.65,0.894
17.7,0.598
17.75,0.261
17.8,-0.112
17.85,-0.512
17.9,-0.927
17.95,-1.349
18,-1.767
18.05,-2.168
18.1,-2.543
18.15,-2.882
18.2,-3.175
18.25,-3.413
18.3,-3.589
18.35,-3.699
18.4,-3.74
18.45,-3.71
18.5,-3.614
18.55,-3.456
18.6,-3.242
18.65,-2.98
18.7,-2.677
18.75,-2.342
18.8,-1.984
18.85,-1.61
18.9,-1.23
18.95,-0.85
19,-0.474
19.05,-0.115
19.1,0.225
19.15,0.536
19.2,0.812
19.25,1.051
19.3,1.243
19.35,1.381
19.4,1.458
19.45,1.47
19.5,1.417
19.55,1.301
19.6,1.125
19.65,0.895
19.7,0.617
19.75,0.297
19.8,-0.058
19.85,-0.441
19.9,-0.842
19.95,-1.25
20,-1.657
20.05,-2.051
20.1,-2.422
20.15,-2.76
20.2,-3.057
20.25,-3.303
20.3,-3.492
20.35,-3.619
20.4,-3.679
20.45,-3.673
20.5,-3.6
20.55,-3.465
20.6,-3.277
20.65,-3.038
20.7,-2.76
20.75,-2.446
20.8,-2.106
20.85,-1.75
20.9,-1.384
20.95,-1.015
21,-0.649
21.05,-0.292
21.1,0.047
21.15,0.363
21.2,0.649
21.25,0.9
21.3,1.111
21.35,1.275
21.4,1.384
21.45,1.433
21.5,1.418
21.55,1.34
21.6,1.202
21.65,1.007
21.7,0.763
21.75,0.473
21.8,0.143
21.85,-0.22
21.9,-0.605
21.95,-1.005
22,-1.409
22.05,-1.806
22.1,-2.188
22.15,-2.543
22.2,-2.864
22.25,-3.138
22.3,-3.36
22.35,-3.525
22.4,-3.625
22.45,-3.662
22.5,-3.63
22.55,-3.536
22.6,-3.385
22.65,-3.181
22.7,-2.931
22.75,-2.644
22.8,-2.326
22.85,-1.985
22.9,-1.632
22.95,-1.269
23,-0.906
23.05,-0.55
23.1,-0.204
23.15,0.121
23.2,0.423
23.25,0.693
23.3,0.928
23.35,1.123
23.4,1.269
23.45,1.362
23.5,1.395
23.55,1.368
23.6,1.28
23.65,1.136
23.7,0.939
23.75,0.694
23.8,0.408
23.85,0.083
23.9,-0.27
23.95,-0.646
24,-1.034
24.05,-1.426
24.1,-1.81
24.15,-2.179
24.2,-2.523
24.25,-2.829
24.3,-3.094
24.35,-3.308
24.4,-3.467
24.45,-3.566
24.5,-3.6
24.55,-3.572
24.6,-3.486
24.65,-3.343
24.7,-3.149
24.75,-2.914
24.8,-2.639
24.85,-2.337
24.9,-2.012
24.95,-1.673
25,-1.326
25.05,-0.975
25.1,-0.631
25.15,-0.297
25.2,0.02
25.25,0.316
25.3,0.584
25.35,0.82
25.4,1.019
25.45,1.177
25.5,1.285
25.55,1.338
25.6,1.335
25.65,1.272
25.7,1.155
25.75,0.983
25.8,0.763
25.85,0.5
25.9,0.198
25.95,-0.138
26,-0.498
26.05,-0.875
26.1,-1.258
26.15,-1.641
26.2,-2.012
26.25,-2.362
26.3,-2.683
26.35,-2.964
26.4,-3.2
26.45,-3.382
26.5,-3.508
26.55,-3.57
26.6,-3.572
26.65,-3.514
26.7,-3.398
26.75,-3.23
26.8,-3.016
26.85,-2.761
26.9,-2.476
26.95,-2.163
27,-1.835
27.05,-1.494
27.1,-1.148
27.15,-0.804
27.2,-0.468
27.25,-0.145
27.3,0.16
27.35,0.44
27.4,0.69
27.45,0.906
27.5,1.085
27.55,1.219
27.6,1.301
27.65,1.329
27.7,1.297
27.75,1.211
27.8,1.07
27.85,0.88
27.9,0.642
27.95,0.364
28,0.05
28.05,-0.292
28.1,-0.657
28.15,-1.032
28.2,-1.414
28.25,-1.788
28.3,-2.147
28.35,-2.483
28.4,-2.785
28.45,-3.046
28.5,-3.259
28.55,-3.418
28.6,-3.519
28.65,-3.559
28.7,-3.539
28.75,-3.459
28.8,-3.325
28.85,-3.142
28.9,-2.917
28.95,-2.655
29,-2.362
29.05,-2.048
29.1,-1.72
29.15,-1.382
29.2,-1.043
29.25,-0.708
29.3,-0.382
29.35,-0.071
29.4,0.22
29.45,0.485
29.5,0.719
29.55,0.922
29.6,1.084
29.65,1.203
29.7,1.272
29.75,1.288
29.8,1.25
29.85,1.158
29.9,1.015
29.95,0.826
30,0.592
30.05,0.319
30.1,0.011
30.15,-0.324
30.2,-0.679
30.25,-1.046
30.3,-1.415
30.35,-1.78
30.4,-2.13
30.45,-2.455
30.5,-2.75
30.55,-3.003
30.6,-3.211
30.65,-3.368
30.7,-3.468
30.75,-3.509
30.8,-3.492
30.85,-3.42
30.9,-3.294
30.95,-3.121
31,-2.906
31.05,-2.656
31.1,-2.377
31.15,-2.075
31.2,-1.759
31.25,-1.434
31.3,-1.106
31.35,-0.781
31.4,-0.463
31.45,-0.159
31.5,0.127
31.55,0.391
31.6,0.627
31.65,0.831
31.7,1.001
31.75,1.131
31.8,1.214
31.85,1.249
31.9,1.23
31.95,1.159
32,1.038
32.05,0.87
32.1,0.657
32.15,0.404
32.2,0.115
32.25,-0.204
32.3,-0.547
32.35,-0.903
32.4,-1.268
32.45,-1.63
32.5,-1.982
32.55,-2.314
32.6,-2.619
32.65,-2.886
32.7,-3.112
32.75,-3.289
32.8,-3.412
32.85,-3.478
32.9,-3.487
32.95,-3.438
33,-3.338
33.05,-3.187
33.1,-2.994
33.15,-2.763
33.2,-2.501
33.25,-2.213
33.3,-1.909
33.35,-1.591
33.4,-1.269
33.45,-0.947
33.5,-0.631
33.55,-0.325
33.6,-0.035
33.65,0.236
33.7,0.481
33.75,0.699
33.8,0.884
33.85,1.034
33.9,1.142
33.95,1.205
34,1.219
34.05,1.181
34.1,1.095
34.15,0.958
34.2,0.779
34.25,0.556
34.3,0.297
34.35,0.003
34.4,-0.317
34.45,-0.658
34.5,-1.01
34.55,-1.368
34.6,-1.72
34.65,-2.061
34.7,-2.38
34.75,-2.669
34.8,-2.922
34.85,-3.131
34.9,-3.291
34.95,-3.399
35,-3.451
35.05,-3.446
35.1,-3.388
35.15,-3.28
35.2,-3.126
35.25,-2.93
35.3,-2.7
35.35,-2.439
35.4,-2.157
35.45,-1.858
35.5,-1.549
35.55,-1.236
35.6,-0.924
35.65,-0.617
35.7,-0.322
35.75,-0.042
35.8,0.218
35.85,0.456
35.9,0.664
35.95,0.844
36,0.99
36.05,1.096
36.1,1.159
36.15,1.177
36.2,1.145
36.25,1.065
36.3,0.939
36.35,0.771
36.4,0.562
36.45,0.314
36.5,0.035
36.55,-0.273
36.6,-0.603
36.65,-0.946
36.7,-1.296
36.75,-1.641
36.8,-1.978
36.85,-2.295
36.9,-2.587
36.95,-2.842
37,-3.057
37.05,-3.226
37.1,-3.344
37.15,-3.409
37.2,-3.42
37.25,-3.377
37.3,-3.283
37.35,-3.143
37.4,-2.964
37.45,-2.747
37.5,-2.501
37.55,-2.229
37.6,-1.942
37.65,-1.643
37.7,-1.337
37.75,-1.03
37.8,-0.729
37.85,-0.435
37.9,-0.156
37.95,0.108
38,0.35
38.05,0.567
38.1,0.756
38.15,0.913
38.2,1.035
38.25,1.117
38.3,1.155
38.35,1.147
38.4,1.089
38.45,0.986
38.5,0.839
38.55,0.65
38.6,0.424
38.65,0.162
38.7,-0.132
38.75,-0.448
38.8,-0.781
38.85,-1.123
38.9,-1.467
38.95,-1.805
39,-2.128
39.05,-2.428
39.1,-2.7
39.15,-2.933
39.2,-3.123
39.25,-3.266
39.3,-3.358
39.35,-3.396
39.4,-3.382
39.45,-3.318
39.5,-3.204
39.55,-3.049
39.6,-2.856
39.65,-2.631
39.7,-2.38
39.75,-2.106
39.8,-1.821
39.85,-1.527
39.9,-1.228
39.95,-0.933
40,-0.642
40.05,-0.363
40.1,-0.097
40.15,0.149
40.2,0.375
40.25,0.576
40.3,0.751
40.35,0.894
40.4,1.002
40.45,1.074
40.5,1.106
40.55,1.095
40.6,1.038
40.65,0.938
40.7,0.798
40.75,0.616
40.8,0.397
40.85,0.145
40.9,-0.14
40.95,-0.446
41,-0.77
41.05,-1.103
41.1,-1.44
41.15,-1.772
41.2,-2.089
41.25,-2.386
41.3,-2.655
41.35,-2.887
41.4,-3.079
41.45,-3.226
41.5,-3.322
41.55,-3.366
41.6,-3.36
41.65,-3.302
41.7,-3.198
41.75,-3.052
41.8,-2.867
41.85,-2.652
41.9,-2.408
41.95,-2.144
42,-1.866
42.05,-1.579
42.1,-1.286
42.15,-0.996
42.2,-0.71
42.25,-0.435
42.3,-0.173
42.35,0.074
42.4,0.298
42.45,0.501
42.5,0.679
42.55,0.826
42.6,0.942
42.65,1.024
42.7,1.068
42.75,1.07
42.8,1.03
42.85,0.949
42.9,0.826
42.95,0.664
43,0.465
43.05,0.232
43.1,-0.031
43.15,-0.32
43.2,-0.63
43.25,-0.952
43.3,-1.28
43.35,-1.605
43.4,-1.923
43.45,-2.223
43.5,-2.499
43.55,-2.744
43.6,-2.952
43.65,-3.116
43.7,-3.237
43.75,-3.308
43.8,-3.329
43.85,-3.3
43.9,-3.223
43.95,-3.104
44,-2.947
44.05,-2.755
44.1,-2.535
44.15,-2.29
44.2,-2.028
44.25,-1.755
44.3,-1.475
44.35,-1.192
44.4,-0.913
44.45,-0.639
44.5,-0.377
44.55,-0.127
44.6,0.105
44.65,0.319
44.7,0.509
44.75,0.675
44.8,0.814
44.85,0.922
44.9,0.996
44.95,1.035
45,1.034
45.05,0.993
45.1,0.913
45.15,0.792
45.2,0.633
45.25,0.437
45.3,0.207
45.35,-0.053
45.4,-0.339
45.45,-0.646
45.5,-0.964
45.55,-1.288
45.6,-1.612
45.65,-1.926
45.7,-2.223
45.75,-2.496
45.8,-2.739
45.85,-2.945
45.9,-3.109
45.95,-3.228
46,-3.299
46.05,-3.319
46.1,-3.289
46.15,-3.215
46.2,-3.098
46.25,-2.941
46.3,-2.752
46.35,-2.534
46.4,-2.293
46.45,-2.034
46.5,-1.764
46.55,-1.489
46.6,-1.211
46.65,-0.935
46.7,-0.666
46.75,-0.407
46.8,-0.162
46.85,0.068
46.9,0.276
46.95,0.465
47,0.63
47.05,0.768
47.1,0.878
47.15,0.957
47.2,0.999
47.25,1.007
47.3,0.975
47.35,0.905
47.4,0.796
47.45,0.652
47.5,0.47
47.55,0.254
47.6,0.008
47.65,-0.264
47.7,-0.558
47.75,-0.866
47.8,-1.183
47.85,-1.5
47.9,-1.811
47.95,-2.108
48,-2.384
48.05,-2.633
48.1,-2.848
48.15,-3.024
48.2,-3.157
48.25,-3.244
48.3,-3.283
48.35,-3.272
48.4,-3.217
48.45,-3.118
48.5,-2.981
48.55,-2.81
48.6,-2.611
48.65,-2.384
48.7,-2.141
48.75,-1.883
48.8,-1.618
48.85,-1.349
48.9,-1.081
48.95,-0.815
49,-0.559
49.05,-0.314
49.1,-0.082
49.15,0.132
49.2,0.328
49.25,0.503
49.3,0.655
49.35,0.781
49.4,0.878
49.45,0.944
49.5,0.977
49.55,0.974
49.6,0.933
49.65,0.855
49.7,0.74
49.75,0.589
49.8,0.404
49.85,0.184
49.9,-0.064
49.95,-0.338
50,-0.63
50.05,-0.936
50.1,-1.249
50.15,-1.563
50.2,-1.866
50.25,-2.157
50.3,-2.425
50.35,-2.666
50.4,-2.87
50.45,-3.036
50.5,-3.159
50.55,-3.237
50.6,-3.267
50.65,-3.25
50.7,-3.187
50.75,-3.083
50.8,-2.944
50.85,-2.769
50.9,-2.568
50.95,-2.344
51,-2.1
51.05,-1.846
51.1,-1.585
51.15,-1.321
51.2,-1.057
51.25,-0.8
51.3,-0.55
51.35,-0.311
51.4,-0.086
51.45,0.121
51.5,0.311
51.55,0.481
51.6,0.627
51.65,0.748
51.7,0.844
51.75,0.909
51.8,0.944
51.85,0.944
51.9,0.908
51.95,0.837
52,0.73
52.05,0.587
52.1,0.412
52.15,0.203
52.2,-0.036
52.25,-0.298
52.3,-0.581
52.35,-0.878
52.4,-1.184
52.45,-1.491
52.5,-1.791
52.55,-2.077
52.6,-2.345
52.65,-2.587
52.7,-2.798
52.75,-2.969
52.8,-3.101
52.85,-3.189
52.9,-3.231
52.95,-3.228
53,-3.179
53.05,-3.091
53.1,-2.966
53.15,-2.807
53.2,-2.62
53.25,-2.41
53.3,-2.18
53.35,-1.938
53.4,-1.687
53.45,-1.434
53.5,-1.18
53.55,-0.928
53.6,-0.685
53.65,-0.451
53.7,-0.229
53.75,-0.022
53.8,0.17
53.85,0.342
53.9,0.496
53.95,0.628
54,0.738
54.05,0.822
54.1,0.878
54.15,0.903
54.2,0.895
54.25,0.853
54.3,0.778
54.35,0.669
54.4,0.526
54.45,0.35
54.5,0.143
54.55,-0.091
54.6,-0.35
54.65,-0.627
54.7,-0.917
54.75,-1.216
54.8,-1.514
54.85,-1.806
54.9,-2.084
54.95,-2.345
55,-2.579
55.05,-2.782
55.1,-2.948
55.15,-3.074
55.2,-3.159
55.25,-3.198
55.3,-3.193
55.35,-3.146
55.4,-3.06
55.45,-2.937
55.5,-2.783
55.55,-2.601
55.6,-2.399
55.65,-2.176
55.7,-1.942
55.75,-1.7
55.8,-1.453
55.85,-1.206
55.9,-0.964
55.95,-0.727
56,-0.5
56.05,-0.283
56.1,-0.08
56.15,0.107
56.2,0.278
56.25,0.432
56.3,0.567
56.35,0.68
56.4,0.77
56.45,0.834
56.5,0.869
56.55,0.873
56.6,0.844
56.65,0.781
56.7,0.686
56.75,0.558
56.8,0.397
56.85,0.206
56.9,-0.014
56.95,-0.261
57,-0.526
57.05,-0.807
57.1,-1.098
57.15,-1.39
57.2,-1.681
57.25,-1.96
57.3,-2.224
57.35,-2.466
57.4,-2.68
57.45,-2.859
57.5,-3
57.55,-3.102
57.6,-3.162
57.65,-3.179
57.7,-3.153
57.75,-3.085
57.8,-2.983
57.85,-2.848
57.9,-2.684
57.95,-2.496
58,-2.287
58.05,-2.062
58.1,-1.83
58.15,-1.591
58.2,-1.349
58.25,-1.111
58.3,-0.877
58.35,-0.649
58.4,-0.432
58.45,-0.226
58.5,-0.033
58.55,0.143
58.6,0.305
58.65,0.448
58.7,0.572
58.75,0.677
58.8,0.757
58.85,0.814
58.9,0.844
58.95,0.842
59,0.807
59.05,0.743
59.1,0.646
59.15,0.517
59.2,0.357
59.25,0.167
59.3,-0.052
59.35,-0.292
59.4,-0.554
59.45,-0.831
59.5,-1.115
59.55,-1.403
59.6,-1.687
59.65,-1.96
59.7,-2.218
59.75,-2.454
59.8,-2.663
59.85,-2.837
59.9,-2.975
59.95,-3.074
60,-3.132
60.05,-3.149
60.1,-3.124
60.15,-3.061
60.2,-2.964
60.25,-2.834
60.3,-2.675
60.35,-2.494
60.4,-2.293
60.45,-2.078
60.5,-1.854
60.55,-1.623
60.6,-1.39
60.65,-1.159
60.7,-0.931
60.75,-0.71
60.8,-0.498
60.85,-0.295
60.9,-0.107
60.95,0.069
61,0.229
61.05,0.375
61.1,0.503
61.15,0.613
61.2,0.702
61.25,0.77
61.3,0.811
61.35,0.823
61.4,0.807
61.45,0.759
61.5,0.68
61.55,0.57
61.6,0.429
61.65,0.256
61.7,0.053
61.75,-0.174
61.8,-0.426
61.85,-0.693
61.9,-0.972
61.95,-1.26
62,-1.546
62.05,-1.824
62.1,-2.089
62.15,-2.337
62.2,-2.56
62.25,-2.75
62.3,-2.908
62.35,-3.025
62.4,-3.104
62.45,-3.14
62.5,-3.137
62.55,-3.093
62.6,-3.013
62.65,-2.9
62.7,-2.757
62.75,-2.587
62.8,-2.399
62.85,-2.193
62.9,-1.976
62.95,-1.751
63,-1.525
63.05,-1.297
63.1,-1.074
63.15,-0.856
63.2,-0.646
63.25,-0.445
63.3,-0.254
63.35,-0.077
63.4,0.086
63.45,0.236
63.5,0.371
63.55,0.49
63.6,0.591
63.65,0.674
63.7,0.735
63.75,0.771
63.8,0.784
63.85,0.765
63.9,0.719
63.95,0.642
64,0.536
64.05,0.399
64.1,0.231
64.15,0.036
64.2,-0.184
64.25,-0.426
64.3,-0.685
64.35,-0.957
64.4,-1.235
64.45,-1.513
64.5,-1.784
64.55,-2.045
64.6,-2.289
64.65,-2.509
64.7,-2.7
64.75,-2.857
64.8,-2.978
64.85,-3.06
64.9,-3.104
64.95,-3.107
65,-3.071
65.05,-3
65.1,-2.898
65.15,-2.765
65.2,-2.608
65.25,-2.428
65.3,-2.232
65.35,-2.023
65.4,-1.808
65.45,-1.59
65.5,-1.37
65.55,-1.151
65.6,-0.938
65.65,-0.732
65.7,-0.534
65.75,-0.347
65.8,-0.17
65.85,-0.006
65.9,0.146
65.95,0.284
66,0.408
66.05,0.518
66.1,0.609
66.15,0.683
66.2,0.734
66.25,0.762
66.3,0.762
66.35,0.734
66.4,0.677
66.45,0.591
66.5,0.473
66.55,0.327
66.6,0.152
66.65,-0.05
66.7,-0.275
66.75,-0.52
66.8,-0.781
66.85,-1.051
66.9,-1.326
66.95,-1.598
67,-1.863
67.05,-2.114
67.1,-2.347
67.15,-2.556
67.2,-2.733
67.25,-2.876
67.3,-2.983
67.35,-3.052
67.4,-3.083
67.45,-3.076
67.5,-3.03
67.55,-2.953
67.6,-2.845
67.65,-2.71
67.7,-2.551
67.75,-2.373
67.8,-2.182
67.85,-1.979
67.9,-1.772
67.95,-1.561
68,-1.351
68.05,-1.144
68.1,-0.942
68.15,-0.746
68.2,-0.559
68.25,-0.38
68.3,-0.212
68.35,-0.055
68.4,0.091
68.45,0.226
68.5,0.35
68.55,0.46
68.6,0.554
68.65,0.631
68.7,0.691
68.75,0.727
68.8,0.74
68.85,0.724
68.9,0.682
68.95,0.609
69,0.507
69.05,0.375
69.1,0.214
69.15,0.024
69.2,-0.19
69.25,-0.427
69.3,-0.68
69.35,-0.947
69.4,-1.219
69.45,-1.494
69.5,-1.761
69.55,-2.017
69.6,-2.257
69.65,-2.474
69.7,-2.664
69.75,-2.82
69.8,-2.941
69.85,-3.024
69.9,-3.069
69.95,-3.076
70,-3.046
70.05,-2.981
70.1,-2.887
70.15,-2.763
70.2,-2.615
70.25,-2.447
70.3,-2.265
70.35,-2.07
70.4,-1.868
70.45,-1.662
70.5,-1.456
70.55,-1.252
70.6,-1.052
70.65,-0.859
70.7,-0.674
70.75,-0.496
70.8,-0.33
70.85,-0.173
70.9,-0.025
70.95,0.11
71,0.236
71.05,0.35
71.1,0.451
71.15,0.539
71.2,0.611
71.25,0.666
71.3,0.697
71.35,0.707
71.4,0.69
71.45,0.646
71.5,0.575
71.55,0.474
71.6,0.344
71.65,0.185
71.7,0.002
71.75,-0.207
71.8,-0.437
71.85,-0.683
71.9,-0.942
71.95,-1.208
72,-1.473
72.05,-1.734
72.1,-1.984
72.15,-2.218
72.2,-2.432
72.25,-2.619
72.3,-2.772
72.35,-2.893
72.4,-2.978
72.45,-3.025
72.5,-3.036
72.55,-3.013
72.6,-2.955
72.65,-2.868
72.7,-2.755
72.75,-2.617
72.8,-2.461
72.85,-2.289
72.9,-2.106
72.95,-1.915
73,-1.722
73.05,-1.527
73.1,-1.332
73.15,-1.142
73.2,-0.958
73.25,-0.779
73.3,-0.608
73.35,-0.446
73.4,-0.291
73.45,-0.145
73.5,-0.008
73.55,0.121
73.6,0.24
73.65,0.35
73.7,0.449
73.75,0.536
73.8,0.606
73.85,0.658
73.9,0.69
73.95,0.697
74,0.679
74.05,0.631
74.1,0.556
74.15,0.451
74.2,0.317
74.25,0.154
74.3,-0.035
74.35,-0.248
74.4,-0.482
74.45,-0.732
74.5,-0.993
74.55,-1.258
74.6,-1.524
74.65,-1.783
74.7,-2.029
74.75,-2.259
74.8,-2.466
74.85,-2.645
74.9,-2.793
74.95,-2.904
75,-2.98
75.05,-3.021
75.1,-3.024
75.15,-2.994
75.2,-2.931
75.25,-2.84
75.3,-2.724
75.35,-2.587
75.4,-2.43
75.45,-2.26
75.5,-2.081
75.55,-1.896
75.6,-1.709
75.65,-1.522
75.7,-1.337
75.75,-1.156
75.8,-0.982
75.85,-0.814
75.9,-0.653
75.95,-0.5
76,-0.353
76.05,-0.215
76.1,-0.083
76.15,0.041
76.2,0.157
76.25,0.267
76.3,0.368
76.35,0.459
76.4,0.537
76.45,0.602
76.5,0.647
76.55,0.671
76.6,0.669
76.65,0.642
76.7,0.587
76.75,0.504
76.8,0.391
76.85,0.248
76.9,0.079
76.95,-0.118
77,-0.336
77.05,-0.575
77.1,-0.828
77.15,-1.09
77.2,-1.356
77.25,-1.618
77.3,-1.871
77.35,-2.111
77.4,-2.333
77.45,-2.529
77.5,-2.695
77.55,-2.829
77.6,-2.928
77.65,-2.991
77.7,-3.018
77.75,-3.008
77.8,-2.966
77.85,-2.895
77.9,-2.796
77.95,-2.672
78,-2.531
78.05,-2.372
78.1,-2.202
78.15,-2.023
78.2,-1.843
78.25,-1.66
78.3,-1.478
78.35,-1.301
78.4,-1.129
78.45,-0.963
78.5,-0.803
78.55,-0.65
78.6,-0.506
78.65,-0.366
78.7,-0.236
78.75,-0.11
78.8,0.011
78.85,0.124
78.9,0.231
78.95,0.331
79,0.424
79.05,0.506
79.1,0.573
79.15,0.624
79.2,0.653
79.25,0.66
79.3,0.641
79.35,0.594
79.4,0.518
79.45,0.413
79.5,0.28
79.55,0.118
79.6,-0.071
79.65,-0.283
79.7,-0.515
79.75,-0.763
79.8,-1.021
79.85,-1.283
79.9,-1.546
79.95,-1.8
80,-2.042
80.05,-2.267
80.1,-2.468
80.15,-2.641
80.2,-2.782
80.25,-2.889
80.3,-2.959
80.35,-2.996
80.4,-2.996
80.45,-2.963
80.5,-2.901
80.55,-2.812
80.6,-2.697
80.65,-2.565
80.7,-2.414
80.75,-2.254
80.8,-2.084
80.85,-1.91
80.9,-1.736
80.95,-1.563
81,-1.392
81.05,-1.227
81.1,-1.068
81.15,-0.914
81.2,-0.768
81.25,-0.628
81.3,-0.495
81.35,-0.366
81.4,-0.242
81.45,-0.123
81.5,-0.008
81.55,0.104
81.6,0.21
81.65,0.313
81.7,0.407
81.75,0.492
81.8,0.562
81.85,0.617
81.9,0.65
81.95,0.66
82,0.642
82.05,0.597
82.1,0.522
82.15,0.418
82.2,0.283
82.25,0.118
82.3,-0.072
82.35,-0.286
82.4,-0.52
82.45,-0.77
82.5,-1.029
82.55,-1.293
82.6,-1.555
82.65,-1.81
82.7,-2.05
82.75,-2.275
82.8,-2.474
82.85,-2.645
82.9,-2.783
82.95,-2.887
83,-2.956
83.05,-2.989
83.1,-2.986
83.15,-2.952
83.2,-2.889
83.25,-2.798
83.3,-2.684
83.35,-2.553
83.4,-2.405
83.45,-2.246
83.5,-2.081
83.55,-1.913
83.6,-1.745
83.65,-1.579
83.7,-1.415
83.75,-1.258
83.8,-1.107
83.85,-0.963
83.9,-0.825
83.95,-0.693
84,-0.567
84.05,-0.445
84.1,-0.327
84.15,-0.212
84.2,-0.099
84.25,0.011
84.3,0.119
84.35,0.225
84.4,0.324
84.45,0.418
84.5,0.5
84.55,0.569
84.6,0.62
84.65,0.65
84.7,0.655
84.75,0.631
84.8,0.578
84.85,0.495
84.9,0.382
84.95,0.239
85,0.068
85.05,-0.13
85.1,-0.352
85.15,-0.591
85.2,-0.844
85.25,-1.106
85.3,-1.368
85.35,-1.629
85.4,-1.879
85.45,-2.113
85.5,-2.328
85.55,-2.518
85.6,-2.678
85.65,-2.805
85.7,-2.897
85.75,-2.953
85.8,-2.975
85.85,-2.963
85.9,-2.92
85.95,-2.849
86,-2.754
86.05,-2.637
86.1,-2.505
86.15,-2.359
86.2,-2.204
86.25,-2.045
86.3,-1.883
86.35,-1.725
86.4,-1.569
86.45,-1.417
86.5,-1.271
86.55,-1.133
86.6,-1.001
86.65,-0.873
86.7,-0.752
86.75,-0.636
86.8,-0.523
86.85,-0.412
86.9,-0.3
86.95,-0.19
87,-0.08
87.05,0.031
87.1,0.14
87.15,0.248
87.2,0.35
87.25,0.446
87.3,0.529
87.35,0.597
87.4,0.646
87.45,0.671
87.5,0.668
87.55,0.635
87.6,0.57
87.65,0.476
87.7,0.349
87.75,0.193
87.8,0.008
87.85,-0.203
87.9,-0.434
87.95,-0.682
88,-0.941
88.05,-1.205
88.1,-1.469
88.15,-1.725
88.2,-1.968
88.25,-2.194
88.3,-2.399
88.35,-2.575
88.4,-2.719
88.45,-2.829
88.5,-2.904
88.55,-2.944
88.6,-2.95
88.65,-2.923
88.7,-2.868
88.75,-2.788
88.8,-2.686
88.85,-2.565
88.9,-2.433
88.95,-2.29
89,-2.141
89.05,-1.99
89.1,-1.843
89.15,-1.696
89.2,-1.555
89.25,-1.42
89.3,-1.291
89.35,-1.169
89.4,-1.052
89.45,-0.941
89.5,-0.833
89.55,-0.727
89.6,-0.624
89.65,-0.518
89.7,-0.412
89.75,-0.303
89.8,-0.192
89.85,-0.077
89.9,0.039
89.95,0.157
90,0.272
90.05,0.382
90.1,0.484
90.15,0.572
90.2,0.641
90.25,0.688
90.3,0.708
90.35,0.697
90.4,0.655
90.45,0.58
90.5,0.47
90.55,0.33
90.6,0.157
90.65,-0.042
90.7,-0.267
90.75,-0.512
90.8,-0.77
90.85,-1.037
90.9,-1.307
90.95,-1.572
91,-1.827
91.05,-2.066
91.1,-2.284
91.15,-2.477
91.2,-2.639
91.25,-2.768
91.3,-2.86
91.35,-2.919
91.4,-2.941
91.45,-2.93
91.5,-2.889
91.55,-2.821
91.6,-2.73
91.65,-2.62
91.7,-2.498
91.75,-2.362
91.8,-2.221
91.85,-2.078
91.9,-1.935
91.95,-1.797
92,-1.663
92.05,-1.535
92.1,-1.414
92.15,-1.299
92.2,-1.191
92.25,-1.089
92.3,-0.991
92.35,-0.895
92.4,-0.8
92.45,-0.704
92.5,-0.606
92.55,-0.503
92.6,-0.396
92.65,-0.283
92.7,-0.163
92.75,-0.041
92.8,0.085
92.85,0.21
92.9,0.333
92.95,0.448
93,0.551
93.05,0.638
93.1,0.701
93.15,0.738
93.2,0.745
93.25,0.716
93.3,0.655
93.35,0.559
93.4,0.429
93.45,0.265
93.5,0.072
93.55,-0.148
93.6,-0.388
93.65,-0.646
93.7,-0.913
93.75,-1.184
93.8,-1.453
93.85,-1.714
93.9,-1.96
93.95,-2.187
94,-2.389
94.05,-2.562
94.1,-2.702
94.15,-2.805
94.2,-2.875
94.25,-2.908
94.3,-2.908
94.35,-2.876
94.4,-2.82
94.45,-2.738
94.5,-2.639
94.55,-2.524
94.6,-2.4
94.65,-2.268
94.7,-2.135
94.75,-2.003
94.8,-1.874
94.85,-1.751
94.9,-1.635
94.95,-1.527
95,-1.425
95.05,-1.33
95.1,-1.241
95.15,-1.155
95.2,-1.071
95.25,-0.988
95.3,-0.903
95.35,-0.815
95.4,-0.721
95.45,-0.619
95.5,-0.509
95.55,-0.39
95.6,-0.264
95.65,-0.13
95.7,0.008
95.75,0.148
95.8,0.286
95.85,0.418
95.9,0.54
95.95,0.644
96,0.727
96.05,0.782
96.1,0.806
96.15,0.795
96.2,0.748
96.25,0.664
96.3,0.545
96.35,0.391
96.4,0.204
96.45,-0.009
96.5,-0.247
96.55,-0.504
96.6,-0.773
96.65,-1.046
96.7,-1.319
96.75,-1.587
96.8,-1.839
96.85,-2.073
96.9,-2.286
96.95,-2.469
97,-2.62
97.05,-2.736
97.1,-2.816
97.15,-2.862
97.2,-2.873
97.25,-2.853
97.3,-2.804
97.35,-2.733
97.4,-2.644
97.45,-2.54
97.5,-2.425
97.55,-2.306
97.6,-2.183
97.65,-2.062
97.7,-1.946
97.75,-1.836
97.8,-1.734
97.85,-1.638
97.9,-1.55
97.95,-1.47
98,-1.395
98.05,-1.324
98.1,-1.255
98.15,-1.186
98.2,-1.114
98.25,-1.037
98.3,-0.952
98.35,-0.859
98.4,-0.756
98.45,-0.639
98.5,-0.514
98.55,-0.377
98.6,-0.231
98.65,-0.077
98.7,0.079
98.75,0.236
98.8,0.386
98.85,0.526
98.9,0.65
98.95,0.752
99,0.828
99.05,0.87
99.1,0.877
99.15,0.844
99.2,0.771
99.25,0.663
99.3,0.518
99.35,0.341
99.4,0.132
99.45,-0.102
99.5,-0.355
99.55,-0.624
99.6,-0.898
99.65,-1.175
99.7,-1.445
99.75,-1.704
99.8,-1.945
99.85,-2.165
99.9,-2.356
99.95,-2.518
100,-2.647
100.05,-2.739
100.1,-2.796
100.15,-2.82
100.2,-2.81
100.25,-2.772
100.3,-2.713
100.35,-2.633
100.4,-2.538
100.45,-2.435
100.5,-2.325
100.55,-2.213
100.6,-2.103
100.65,-2
100.7,-1.902
100.75,-1.814
100.8,-1.734
100.85,-1.662
100.9,-1.596
100.95,-1.536
101,-1.48
101.05,-1.425
101.1,-1.368
101.15,-1.308
101.2,-1.244
101.25,-1.17
101.3,-1.085
101.35,-0.988
101.4,-0.878
101.45,-0.754
101.5,-0.617
101.55,-0.468
101.6,-0.306
101.65,-0.14
101.7,0.033
101.75,0.204
101.8,0.371
101.85,0.526
101.9,0.666
101.95,0.782
102,0.87
102.05,0.925
102.1,0.942
102.15,0.92
102.2,0.858
102.25,0.757
102.3,0.619
102.35,0.446
102.4,0.243
102.45,0.014
102.5,-0.237
102.55,-0.503
102.6,-0.776
102.65,-1.051
102.7,-1.321
102.75,-1.58
102.8,-1.824
102.85,-2.044
102.9,-2.238
102.95,-2.405
103,-2.538
103.05,-2.637
103.1,-2.703
103.15,-2.735
103.2,-2.735
103.25,-2.708
103.3,-2.658
103.35,-2.59
103.4,-2.509
103.45,-2.417
103.5,-2.323
103.55,-2.226
103.6,-2.132
103.65,-2.044
103.7,-1.963
103.75,-1.893
103.8,-1.832
103.85,-1.778
103.9,-1.731
103.95,-1.689
104,-1.648
104.05,-1.608
104.1,-1.568
104.15,-1.521
104.2,-1.467
104.25,-1.403
104.3,-1.327
104.35,-1.238
104.4,-1.133
104.45,-1.013
104.5,-0.877
104.55,-0.726
104.6,-0.562
104.65,-0.386
104.7,-0.204
104.75,-0.017
104.8,0.168
104.85,0.349
104.9,0.518
104.95,0.669
105,0.798
105.05,0.898
105.1,0.966
105.15,0.996
105.2,0.985
105.25,0.933
105.3,0.842
105.35,0.713
105.4,0.551
105.45,0.358
105.5,0.138
105.55,-0.104
105.6,-0.36
105.65,-0.627
105.7,-0.895
105.75,-1.161
105.8,-1.415
105.85,-1.656
105.9,-1.877
105.95,-2.072
106,-2.242
106.05,-2.383
106.1,-2.491
106.15,-2.568
106.2,-2.614
106.25,-2.63
106.3,-2.617
106.35,-2.582
106.4,-2.531
106.45,-2.466
106.5,-2.392
106.55,-2.314
106.6,-2.235
106.65,-2.16
106.7,-2.089
106.75,-2.026
106.8,-1.971
106.85,-1.927
106.9,-1.891
106.95,-1.863
107,-1.839
107.05,-1.819
107.1,-1.797
107.15,-1.77
107.2,-1.737
107.25,-1.695
107.3,-1.641
107.35,-1.572
107.4,-1.488
107.45,-1.387
107.5,-1.269
107.55,-1.133
107.6,-0.982
107.65,-0.814
107.7,-0.635
107.75,-0.445
107.8,-0.248
107.85,-0.05
107.9,0.146
107.95,0.335
108,0.511
108.05,0.669
108.1,0.803
108.15,0.909
108.2,0.982
108.25,1.018
108.3,1.015
108.35,0.969
108.4,0.888
108.45,0.77
108.5,0.619
108.55,0.438
108.6,0.232
108.65,0.006
108.7,-0.234
108.75,-0.485
108.8,-0.74
108.85,-0.991
108.9,-1.235
108.95,-1.467
109,-1.681
109.05,-1.872
109.1,-2.04
109.15,-2.182
109.2,-2.297
109.25,-2.384
109.3,-2.444
109.35,-2.477
109.4,-2.485
109.45,-2.472
109.5,-2.443
109.55,-2.399
109.6,-2.348
109.65,-2.293
109.7,-2.237
109.75,-2.182
109.8,-2.133
109.85,-2.089
109.9,-2.055
109.95,-2.026
110,-2.006
110.05,-1.99
110.1,-1.981
110.15,-1.974
110.2,-1.967
110.25,-1.956
110.3,-1.938
110.35,-1.913
110.4,-1.874
110.45,-1.822
110.5,-1.753
110.55,-1.663
110.6,-1.557
110.65,-1.429
110.7,-1.283
110.75,-1.12
110.8,-0.942
110.85,-0.751
110.9,-0.551
110.95,-0.344
111,-0.138
111.05,0.066
111.1,0.262
111.15,0.446
111.2,0.611
111.25,0.754
111.3,0.869
111.35,0.953
111.4,1.004
111.45,1.016
111.5,0.99
111.55,0.927
111.6,0.831
111.65,0.704
111.7,0.548
111.75,0.369
111.8,0.171
111.85,-0.044
111.9,-0.27
111.95,-0.5
112,-0.73
112.05,-0.958
112.1,-1.177
112.15,-1.382
112.2,-1.571
112.25,-1.74
112.3,-1.888
112.35,-2.014
112.4,-2.116
112.45,-2.196
112.5,-2.256
112.55,-2.295
112.6,-2.317
112.65,-2.32
112.7,-2.311
112.75,-2.292
112.8,-2.267
112.85,-2.238
112.9,-2.212
112.95,-2.185
113,-2.163
113.05,-2.144
113.1,-2.13
113.15,-2.122
113.2,-2.116
113.25,-2.113
113.3,-2.111
113.35,-2.108
113.4,-2.1
113.45,-2.088
113.5,-2.067
113.55,-2.036
113.6,-1.993
113.65,-1.935
113.7,-1.863
113.75,-1.775
113.8,-1.67
113.85,-1.546
113.9,-1.404
113.95,-1.247
114,-1.078
114.05,-0.897
114.1,-0.705
114.15,-0.511
114.2,-0.311
114.25,-0.115
114.3,0.075
114.35,0.256
114.4,0.423
114.45,0.572
114.5,0.699
114.55,0.801
114.6,0.877
114.65,0.92
114.7,0.933
114.75,0.913
114.8,0.862
114.85,0.782
114.9,0.677
114.95,0.545
115,0.393
115.05,0.221
115.1,0.035
115.15,-0.163
115.2,-0.368
115.25,-0.573
115.3,-0.779
115.35,-0.98
115.4,-1.172
115.45,-1.352
115.5,-1.519
115.55,-1.668
115.6,-1.802
115.65,-1.915
115.7,-2.009
115.75,-2.086
115.8,-2.146
115.85,-2.191
115.9,-2.223
115.95,-2.24
116,-2.248
116.05,-2.248
116.1,-2.24
116.15,-2.231
116.2,-2.218
116.25,-2.205
116.3,-2.196
116.35,-2.188
116.4,-2.182
116.45,-2.179
116.5,-2.176
116.55,-2.172
116.6,-2.168
116.65,-2.161
116.7,-2.149
116.75,-2.128
116.8,-2.102
116.85,-2.062
116.9,-2.014
116.95,-1.953
117,-1.879
117.05,-1.791
117.1,-1.687
117.15,-1.568
117.2,-1.434
117.25,-1.286
117.3,-1.128
117.35,-0.96
117.4,-0.782
117.45,-0.602
117.5,-0.418
117.55,-0.236
117.6,-0.057
117.65,0.115
117.7,0.275
117.75,0.421
117.8,0.55
117.85,0.658
117.9,0.743
117.95,0.804
118,0.839
118.05,0.847
118.1,0.825
118.15,0.779
118.2,0.707
118.25,0.613
118.3,0.498
118.35,0.363
118.4,0.212
118.45,0.047
118.5,-0.127
118.55,-0.309
118.6,-0.495
118.65,-0.68
118.7,-0.864
118.75,-1.041
118.8,-1.21
118.85,-1.368
118.9,-1.514
118.95,-1.646
119,-1.762
119.05,-1.865
119.1,-1.949
119.15,-2.02
119.2,-2.078
119.25,-2.124
119.3,-2.158
119.35,-2.185
119.4,-2.204
119.45,-2.215
119.5,-2.221
119.55,-2.224
119.6,-2.223
119.65,-2.22
119.7,-2.216
119.75,-2.212
119.8,-2.207
119.85,-2.202
119.9,-2.198
119.95,-2.19
120,-2.182
120.05,-2.169
120.1,-2.152
120.15,-2.128
120.2,-2.097
120.25,-2.056
120.3,-2.006
120.35,-1.946
120.4,-1.874
120.45,-1.789
120.5,-1.692
120.55,-1.579
120.6,-1.455
120.65,-1.316
120.7,-1.169
120.75,-1.01
120.8,-0.845
120.85,-0.675
120.9,-0.501
120.95,-0.328
121,-0.157
121.05,0.008
121.1,0.163
121.15,0.309
121.2,0.44
121.25,0.553
121.3,0.647
121.35,0.719
121.4,0.77
121.45,0.793
121.5,0.793
121.55,0.768
121.6,0.721
121.65,0.65
121.7,0.559
121.75,0.449
121.8,0.322
121.85,0.181
121.9,0.025
121.95,-0.138
122,-0.309
122.05,-0.482
122.1,-0.658
122.15,-0.829
122.2,-0.997
122.25,-1.159
122.3,-1.31
122.35,-1.45
122.4,-1.579
122.45,-1.693
122.5,-1.794
122.55,-1.88
122.6,-1.954
122.65,-2.014
122.7,-2.064
122.75,-2.106
122.8,-2.138
122.85,-2.165
122.9,-2.183
122.95,-2.199
123,-2.21
123.05,-2.218
123.1,-2.223
123.15,-2.224
123.2,-2.226
123.25,-2.224
123.3,-2.221
123.35,-2.216
123.4,-2.21
123.45,-2.202
123.5,-2.19
123.55,-2.174
123.6,-2.152
123.65,-2.122
123.7,-2.086
123.75,-2.042
123.8,-1.989
123.85,-1.924
123.9,-1.85
123.95,-1.764
124,-1.665
124.05,-1.554
124.1,-1.431
124.15,-1.297
124.2,-1.153
124.25,-1.002
124.3,-0.844
124.35,-0.68
124.4,-0.515
124.45,-0.35
124.5,-0.188
124.55,-0.033
124.6,0.116
124.65,0.254
124.7,0.38
124.75,0.49
124.8,0.583
124.85,0.657
124.9,0.71
124.95,0.74
125,0.748
125.05,0.734
125.1,0.697
125.15,0.641
125.2,0.565
125.25,0.473
125.3,0.363
125.35,0.239
125.4,0.102
125.45,-0.046
125.5,-0.199
125.55,-0.36
125.6,-0.522
125.65,-0.683
125.7,-0.844
125.75,-1.001
125.8,-1.15
125.85,-1.29
125.9,-1.422
125.95,-1.543
126,-1.651
126.05,-1.748
126.1,-1.833
126.15,-1.905
126.2,-1.967
126.25,-2.018
126.3,-2.062
126.35,-2.1
126.4,-2.132
126.45,-2.158
126.5,-2.18
126.55,-2.199
126.6,-2.215
126.65,-2.227
126.7,-2.237
126.75,-2.243
126.8,-2.246
126.85,-2.246
126.9,-2.243
126.95,-2.237
127,-2.226
127.05,-2.21
127.1,-2.191
127.15,-2.166
127.2,-2.136
127.25,-2.099
127.3,-2.055
127.35,-2.001
127.4,-1.94
127.45,-1.871
127.5,-1.791
127.55,-1.7
127.6,-1.596
127.65,-1.483
127.7,-1.36
127.75,-1.228
127.8,-1.087
127.85,-0.941
127.9,-0.789
127.95,-0.635
128,-0.479
128.05,-0.325
128.1,-0.173
128.15,-0.028
128.2,0.11
128.25,0.237
128.3,0.353
128.35,0.456
128.4,0.542
128.45,0.611
128.5,0.661
128.55,0.691
128.6,0.701
128.65,0.69
128.7,0.658
128.75,0.609
128.8,0.542
128.85,0.459
128.9,0.361
128.95,0.248
129,0.126
129.05,-0.008
129.1,-0.151
129.15,-0.298
129.2,-0.449
129.25,-0.602
129.3,-0.754
129.35,-0.903
129.4,-1.049
129.45,-1.188
129.5,-1.318
129.55,-1.44
129.6,-1.554
129.65,-1.656
129.7,-1.747
129.75,-1.827
129.8,-1.896
129.85,-1.954
129.9,-2.006
129.95,-2.05
130,-2.089
130.05,-2.122
130.1,-2.15
130.15,-2.176
130.2,-2.198
130.25,-2.216
130.3,-2.232
130.35,-2.245
130.4,-2.254
130.45,-2.259
130.5,-2.26
130.55,-2.257
130.6,-2.249
130.65,-2.238
130.7,-2.223
130.75,-2.202
130.8,-2.176
130.85,-2.144
130.9,-2.106
130.95,-2.061
131,-2.009
131.05,-1.949
131.1,-1.88
131.15,-1.803
131.2,-1.717
131.25,-1.619
131.3,-1.513
131.35,-1.396
131.4,-1.271
131.45,-1.139
131.5,-1.001
131.55,-0.856
131.6,-0.71
131.65,-0.562
131.7,-0.413
131.75,-0.269
131.8,-0.127
131.85,0.008
131.9,0.134
131.95,0.25
132,0.355
132.05,0.448
132.1,0.525
132.15,0.586
132.2,0.628
132.25,0.653
132.3,0.66
132.35,0.646
132.4,0.616
132.45,0.567
132.5,0.506
132.55,0.427
132.6,0.336
132.65,0.234
132.7,0.119
132.75,-0.003
132.8,-0.134
132.85,-0.27
132.9,-0.41
132.95,-0.553
133,-0.694
133.05,-0.836
133.1,-0.974
133.15,-1.106
133.2,-1.233
133.25,-1.354
133.3,-1.466
133.35,-1.568
133.4,-1.662
133.45,-1.745
133.5,-1.821
133.55,-1.885
133.6,-1.942
133.65,-1.99
133.7,-2.034
133.75,-2.073
133.8,-2.108
133.85,-2.139
133.9,-2.168
133.95,-2.193
134,-2.215
134.05,-2.234
134.1,-2.249
134.15,-2.262
134.2,-2.27
134.25,-2.273
134.3,-2.271
134.35,-2.264
134.4,-2.253
134.45,-2.235
134.5,-2.213
134.55,-2.185
134.6,-2.152
134.65,-2.113
134.7,-2.067
134.75,-2.015
134.8,-1.956
134.85,-1.89
134.9,-1.816
134.95,-1.733
135,-1.64
135.05,-1.539
135.1,-1.429
135.15,-1.312
135.2,-1.188
135.25,-1.057
135.3,-0.922
135.35,-0.784
135.4,-0.644
135.45,-0.504
135.5,-0.364
135.55,-0.229
135.6,-0.097
135.65,0.027
135.7,0.141
135.75,0.248
135.8,0.344
135.85,0.426
135.9,0.495
135.95,0.55
136,0.587
136.05,0.609
136.1,0.614
136.15,0.602
136.2,0.575
136.25,0.533
136.3,0.476
136.35,0.407
136.4,0.327
136.45,0.236
136.5,0.134
136.55,0.024
136.6,-0.094
136.65,-0.217
136.7,-0.344
136.75,-0.474
136.8,-0.606
136.85,-0.738
136.9,-0.869
136.95,-0.994
137,-1.118
137.05,-1.236
137.1,-1.348
137.15,-1.451
137.2,-1.549
137.25,-1.638
137.3,-1.718
137.35,-1.792
137.4,-1.857
137.45,-1.913
137.5,-1.963
137.55,-2.009
137.6,-2.05
137.65,-2.088
137.7,-2.122
137.75,-2.154
137.8,-2.182
137.85,-2.209
137.9,-2.231
137.95,-2.249
138,-2.265
138.05,-2.276
138.1,-2.282
138.15,-2.282
138.2,-2.278
138.25,-2.268
138.3,-2.253
138.35,-2.231
138.4,-2.205
138.45,-2.174
138.5,-2.136
138.55,-2.094
138.6,-2.045
138.65,-1.99
138.7,-1.929
138.75,-1.861
138.8,-1.788
138.85,-1.706
138.9,-1.615
138.95,-1.516
139,-1.411
139.05,-1.297
139.1,-1.18
139.15,-1.057
139.2,-0.928
139.25,-0.8
139.3,-0.668
139.35,-0.536
139.4,-0.405
139.45,-0.278
139.5,-0.154
139.55,-0.036
139.6,0.075
139.65,0.178
139.7,0.27
139.75,0.353
139.8,0.424
139.85,0.482
139.9,0.528
139.95,0.558
140,0.573
140.05,0.573
140.1,0.559
140.15,0.529
140.2,0.489
140.25,0.435
140.3,0.371
140.35,0.295
140.4,0.21
140.45,0.116
140.5,0.014
140.55,-0.096
140.6,-0.21
140.65,-0.33
140.7,-0.452
140.75,-0.575
140.8,-0.699
140.85,-0.823
140.9,-0.944
140.95,-1.062
141,-1.177
141.05,-1.285
141.1,-1.387
141.15,-1.484
141.2,-1.574
141.25,-1.656
141.3,-1.731
141.35,-1.8
141.4,-1.86
141.45,-1.915
141.5,-1.963
141.55,-2.007
141.6,-2.048
141.65,-2.086
141.7,-2.122
141.75,-2.155
141.8,-2.185
141.85,-2.212
141.9,-2.237
141.95,-2.256
142,-2.273
142.05,-2.284
142.1,-2.289
142.15,-2.29
142.2,-2.286
142.25,-2.275
142.3,-2.259
142.35,-2.237
142.4,-2.21
142.45,-2.18
142.5,-2.143
142.55,-2.102
142.6,-2.053
142.65,-2.001
142.7,-1.943
142.75,-1.879
142.8,-1.808
142.85,-1.731
142.9,-1.648
142.95,-1.555
143,-1.456
143.05,-1.351
143.1,-1.241
143.15,-1.126
143.2,-1.007
143.25,-0.886
143.3,-0.762
143.35,-0.638
143.4,-0.514
143.45,-0.391
143.5,-0.272
143.55,-0.157
143.6,-0.047
143.65,0.058
143.7,0.154
143.75,0.242
143.8,0.32
143.85,0.388
143.9,0.445
143.95,0.49
144,0.522
144.05,0.54
144.1,0.545
144.15,0.537
144.2,0.515
144.25,0.482
144.3,0.437
144.35,0.382
144.4,0.317
144.45,0.242
144.5,0.159
144.55,0.066
144.6,-0.033
144.65,-0.138
144.7,-0.248
144.75,-0.363
144.8,-0.481
144.85,-0.598
144.9,-0.716
144.95,-0.834
145,-0.95
145.05,-1.063
145.1,-1.172
145.15,-1.277
145.2,-1.376
145.25,-1.469
145.3,-1.555
145.35,-1.635
145.4,-1.709
145.45,-1.775
145.5,-1.836
145.55,-1.89
145.6,-1.938
145.65,-1.982
145.7,-2.023
145.75,-2.062
145.8,-2.099
145.85,-2.132
145.9,-2.163
145.95,-2.193
146,-2.22
